Fault ID,Relative Fault Length,StartX,StartY,EndX,EndY,Strike
404,0.023976,40.7928,13.3795,40.7869,13.4021,165.848768
405,0.008062,40.7944,13.3777,40.7985,13.3710,148.9769867
406,0.003065,40.7949,13.3788,40.7965,13.3763,148.0182239
407,0.007603,40.8025,13.3736,40.7980,13.3795,143.2226593
408,0.002570,40.7992,13.3757,40.8006,13.3735,149.3754413
409,0.001662,40.7972,13.3762,40.7982,13.3749,142.740058
410,0.005646,40.8009,13.3745,40.7975,13.3788,142.2611294
411,0.002171,40.7977,13.3783,40.7964,13.3800,143.5467534
412,0.001581,40.7956,13.3813,40.7964,13.3799,150.1303482
413,0.004793,40.7979,13.3806,40.8008,13.3770,141.2694911
414,0.001969,40.7998,13.3780,40.8009,13.3764,146.4504027
415,0.002475,40.7969,13.3825,40.7986,13.3808,135.5994083
416,0.003145,40.7939,13.3834,40.7959,13.3811,140.2994195
417,0.002066,40.7946,13.3834,40.7961,13.3820,135.3951248
418,0.002067,40.8023,13.3756,40.8034,13.3739,149.2229019
419,0.001243,40.8023,13.3760,40.8029,13.3749,154.0173894
420,0.001452,40.8015,13.3771,40.8023,13.3759,146.1163745
421,0.000595,40.8020,13.3761,40.8024,13.3756,141.500119
422,0.000579,40.8009,13.3781,40.8012,13.3776,151.7359605
423,0.001541,40.8003,13.3790,40.8012,13.3778,144.9524174
424,0.001576,40.7994,13.3808,40.8002,13.3796,145.4717832
425,0.003811,40.7921,13.3809,40.7925,13.3771,173.8286058
426,0.012293,40.7888,13.3820,40.7858,13.3937,165.5765061
427,0.002647,40.7891,13.3911,40.7886,13.3937,168.3073495
428,0.003909,40.7889,13.3910,40.7893,13.3872,174.323889
429,0.001385,40.7890,13.3887,40.7886,13.3900,163.7215225
430,0.003310,40.7892,13.3886,40.7897,13.3854,172.4248142
431,0.001279,40.7872,13.3962,40.7876,13.3950,164.6455964
432,0.001235,40.7871,13.3961,40.7874,13.3950,164.4053542
433,0.000719,40.7863,13.3958,40.7864,13.3951,173.0056552
434,0.001147,40.7868,13.3971,40.7872,13.3961,160.2539626
435,0.001290,40.7870,13.3981,40.7874,13.3969,163.9445698
436,0.000435,40.7872,13.3965,40.7873,13.3961,159.821205
437,0.000456,40.7874,13.3963,40.7875,13.3958,169.0386024
438,0.001591,40.7867,13.3984,40.7872,13.3969,162.94559
439,0.001103,40.7868,13.3993,40.7871,13.3983,162.5209598
440,0.001649,40.7862,13.3986,40.7868,13.3971,158.2597875
441,0.001821,40.7861,13.3986,40.7868,13.3969,158.5522572
442,0.001645,40.7860,13.3986,40.7865,13.3970,161.4345605
443,0.000942,40.7861,13.3983,40.7865,13.3974,155.6113666
444,0.001473,40.7873,13.4019,40.7870,13.4033,167.7955711
445,0.001571,40.7840,13.3995,40.7839,13.4010,173.8753712
446,0.023110,40.7839,13.4000,40.7750,13.4205,157.0152906
447,0.000669,40.7749,13.4207,40.7746,13.4213,159.3610271
448,0.000508,40.7749,13.4208,40.7748,13.4212,159.1127999
449,0.004730,40.7741,13.4219,40.7763,13.4179,151.6882386
450,0.000649,40.7762,13.4184,40.7766,13.4179,147.8054119
451,0.000434,40.7765,13.4179,40.7768,13.4176,131.8937548
452,0.001093,40.7790,13.4142,40.7793,13.4132,163.0117523
453,0.000372,40.7803,13.4088,40.7805,13.4085,144.6068438
454,0.000656,40.7820,13.4050,40.7816,13.4055,151.2392488
455,0.000567,40.7836,13.4020,40.7839,13.4015,154.3869762
456,0.000388,40.7839,13.4015,40.7838,13.4019,157.6878828
457,0.034986,40.7895,13.3684,40.7803,13.4014,164.9006824
458,0.001574,40.7806,13.4011,40.7801,13.4026,160.7244348
459,0.000386,40.7805,13.4018,40.7806,13.4015,160.6929456
460,0.000962,40.7802,13.4026,40.7795,13.4032,135.960132
461,0.000588,40.7795,13.4037,40.7791,13.4041,142.430714
462,0.001621,40.7791,13.4071,40.7795,13.4056,163.7532212
463,0.000787,40.7792,13.4071,40.7795,13.4064,159.8600461
464,0.001069,40.7785,13.4064,40.7789,13.4055,158.3573179
465,0.001026,40.7784,13.4064,40.7787,13.4055,158.0077233
466,0.001067,40.7783,13.4070,40.7787,13.4061,154.0139268
467,0.001660,40.7773,13.4077,40.7784,13.4065,139.6715552
468,0.000922,40.7781,13.4076,40.7785,13.4068,154.41074
469,0.001560,40.7782,13.4073,40.7772,13.4085,142.2967904
470,0.000525,40.7776,13.4076,40.7773,13.4080,141.3606521
471,0.000922,40.7766,13.4091,40.7771,13.4084,142.8169137
472,0.002414,40.7763,13.4070,40.7747,13.4088,139.0401011
473,0.000359,40.7758,13.4076,40.7761,13.4074,125.9672946
474,0.001083,40.7745,13.4091,40.7752,13.4083,139.2195852
475,0.000886,40.7742,13.4098,40.7747,13.4091,148.1142165
476,0.000976,40.7742,13.4101,40.7747,13.4092,150.7889154
477,0.010688,40.7781,13.3489,40.7743,13.3586,159.1634812
478,0.004961,40.7736,13.3591,40.7725,13.3638,166.5883268
479,0.004903,40.7772,13.3491,40.7748,13.3533,149.9418084
480,0.002692,40.7753,13.3525,40.7742,13.3549,157.142742
481,0.001515,40.7741,13.3560,40.7745,13.3545,165.3853023
482,0.000719,40.7753,13.3522,40.7749,13.3528,148.3471143
483,0.004176,40.7746,13.3531,40.7725,13.3567,150.1966254
484,0.000678,40.7720,13.3576,40.7721,13.3570,169.3699337
485,0.001374,40.7720,13.3571,40.7716,13.3584,163.7615858
486,0.001935,40.7716,13.3582,40.7709,13.3599,159.8652623
487,0.002571,40.7715,13.3585,40.7706,13.3608,157.653092
488,0.001898,40.7708,13.3598,40.7703,13.3616,165.1978803
489,0.001241,40.7729,13.3619,40.7732,13.3607,170.0609692
490,0.001644,40.7734,13.3600,40.7743,13.3587,147.2294547
491,0.005408,40.7732,13.3499,40.7712,13.3548,158.6376325
492,0.001787,40.7731,13.3521,40.7737,13.3505,161.4553394
493,0.001214,40.7733,13.3520,40.7728,13.3530,156.0529678
494,0.001065,40.7733,13.3515,40.7728,13.3524,149.1739087
495,0.002366,40.7714,13.3547,40.7709,13.3569,167.0380678
496,0.001905,40.7710,13.3556,40.7704,13.3573,161.9235557
497,0.002174,40.7705,13.3569,40.7697,13.3589,159.4755102
498,0.001522,40.7680,13.3617,40.7688,13.3604,151.1142346
499,0.001989,40.7704,13.3639,40.7703,13.3620,3.490964267
500,0.001763,40.7700,13.3623,40.7698,13.3641,174.2008665
501,0.006601,40.7637,13.3678,40.7606,13.3735,152.2255188
502,0.007082,40.7605,13.3734,40.7577,13.3797,156.0581598
503,0.002176,40.7569,13.3798,40.7579,13.3779,153.0076213
504,0.005028,40.7600,13.3802,40.7578,13.3846,154.6893419
505,0.003127,40.7582,13.3834,40.7572,13.3864,162.8765192
506,0.005113,40.7576,13.3848,40.7557,13.3895,157.9677837
507,0.001861,40.7563,13.3895,40.7567,13.3877,165.546642
508,0.002832,40.7689,13.3676,40.7680,13.3702,160.8759918
509,0.001759,40.7680,13.3697,40.7674,13.3713,161.9649948
510,0.000980,40.7673,13.3717,40.7670,13.3726,161.0635108
511,0.001537,40.7655,13.3765,40.7651,13.3780,167.2492315
512,0.002102,40.7653,13.3780,40.7645,13.3799,156.4153174
513,0.002965,40.7651,13.3782,40.7641,13.3809,159.1439293
514,0.001256,40.7644,13.3800,40.7641,13.3812,163.5719277
515,0.004649,40.7644,13.3808,40.7631,13.3852,164.2597227
516,0.000480,40.7641,13.3814,40.7640,13.3819,168.5030063
517,0.000888,40.7639,13.3824,40.7636,13.3832,161.4724316
518,0.001300,40.7644,13.3826,40.7640,13.3838,161.3228337
519,0.002853,40.7640,13.3831,40.7630,13.3857,159.7988737
520,0.000598,40.7635,13.3847,40.7632,13.3852,157.9995501
521,0.002200,40.7638,13.3846,40.7630,13.3867,158.5581345
522,0.000774,40.7632,13.3855,40.7628,13.3862,150.8697222
523,0.000897,40.7626,13.3869,40.7631,13.3862,148.5806496
524,0.000563,40.7630,13.3868,40.7628,13.3873,151.6170413
525,0.002404,40.7654,13.3681,40.7645,13.3703,159.7503039
526,0.005945,40.7647,13.3696,40.7620,13.3748,153.328868
527,0.001979,40.7606,13.3750,40.7615,13.3733,152.9862946
528,0.000906,40.7611,13.3736,40.7616,13.3728,145.5954999
529,0.001291,40.7615,13.3728,40.7622,13.3717,150.4426272
530,0.000917,40.7636,13.3724,40.7633,13.3733,164.4313023
531,0.001350,40.7630,13.3727,40.7638,13.3716,147.2981625
532,0.001101,40.7607,13.3759,40.7612,13.3749,151.3448006
533,0.002683,40.7612,13.3752,40.7600,13.3775,153.1521352
534,0.001674,40.7616,13.3760,40.7608,13.3774,149.4149617
535,0.001361,40.7617,13.3761,40.7622,13.3749,157.5663374
536,0.001505,40.7610,13.3779,40.7616,13.3766,154.9264666
537,0.000979,40.7606,13.3788,40.7611,13.3780,150.1868138
538,0.002158,40.7613,13.3775,40.7601,13.3793,144.8840755
539,0.001238,40.7598,13.3800,40.7605,13.3790,145.8431017
540,0.001102,40.7601,13.3791,40.7593,13.3799,139.4651726
541,0.002982,40.7569,13.3801,40.7557,13.3828,155.4317659
542,0.020701,40.7732,13.4118,40.7655,13.4306,158.1376857
543,0.029999,40.7680,13.4143,40.7585,13.4417,161.3000107
544,0.009971,40.7642,13.3493,40.7600,13.3582,155.1616175
1082,0.021802,40.7397,13.4100,40.7478,13.3899,158.577524
1083,0.005269,40.7681,13.3941,40.7703,13.3894,154.6022916
1084,0.004531,40.7775,13.3926,40.7782,13.3881,171.6712777
1085,0.004131,40.7651,13.3962,40.7668,13.3925,157.265914
1086,0.005703,40.7665,13.3991,40.7689,13.3939,156.1042008
1087,0.003041,40.7683,13.3970,40.7695,13.3942,157.9092248
1088,0.004495,40.7679,13.3936,40.7659,13.3974,154.3801422
1089,0.001531,40.7662,13.3969,40.7656,13.3983,156.7805097
1090,0.002936,40.7660,13.3970,40.7651,13.3997,162.157897
1091,0.002444,40.7652,13.3983,40.7647,13.4007,168.3990133
1092,0.002585,40.7647,13.3999,40.7637,13.4023,156.9359514
1093,0.001261,40.7672,13.3956,40.7678,13.3946,151.9182927
1094,0.000721,40.7671,13.3953,40.7675,13.3947,146.0065626
1095,0.001643,40.7735,13.3873,40.7739,13.3857,166.7990755
1096,0.000899,40.7734,13.3873,40.7736,13.3865,168.720023
1097,0.003347,40.7571,13.4185,40.7579,13.4153,167.3947653
1098,0.001921,40.7571,13.4176,40.7574,13.4158,170.6328426
1099,0.005443,40.7568,13.4182,40.7548,13.4231,158.1700382
1100,0.000981,40.7562,13.4204,40.7567,13.4196,147.8181377
1101,0.001659,40.7557,13.4217,40.7563,13.4202,160.5437975
1102,0.003636,40.7580,13.4211,40.7565,13.4244,157.278455
1103,0.000769,40.7562,13.4252,40.7566,13.4245,155.4550019
1104,0.000649,40.7564,13.4246,40.7561,13.4252,149.0390323
1105,0.001992,40.7560,13.4252,40.7550,13.4269,149.5181838
1106,0.001637,40.7554,13.4218,40.7549,13.4233,161.658107
1107,0.000986,40.7546,13.4228,40.7552,13.4220,148.2748681
1108,0.000739,40.7544,13.4233,40.7548,13.4227,147.6240733
1109,0.001195,40.7542,13.4241,40.7548,13.4231,148.6408943
1110,0.001764,40.7539,13.4247,40.7548,13.4232,148.4267341
1111,0.001786,40.7537,13.4237,40.7545,13.4222,153.2618329
1112,0.000798,40.7540,13.4233,40.7543,13.4226,157.7014546
1113,0.001237,40.7533,13.4230,40.7539,13.4220,151.0350341
1114,0.002026,40.7542,13.4243,40.7535,13.4262,160.4890679
1115,0.003122,40.7543,13.4241,40.7533,13.4270,160.7458184
1116,0.001567,40.7533,13.4264,40.7528,13.4278,158.6482073
1117,0.001402,40.7529,13.4281,40.7534,13.4268,157.5121831
1118,0.001112,40.7529,13.4285,40.7533,13.4275,162.1956377
1119,0.001095,40.7521,13.4292,40.7525,13.4282,160.2631512
1120,0.000840,40.7523,13.4292,40.7520,13.4299,158.3251493
1121,0.002894,40.7519,13.4302,40.7510,13.4329,161.2367566
1122,0.001289,40.7518,13.4317,40.7521,13.4305,166.5919537
1123,0.001247,40.7503,13.4316,40.7508,13.4304,157.8361113
1124,0.002904,40.7509,13.4332,40.7497,13.4358,155.7827324
1125,0.002475,40.7491,13.4341,40.7481,13.4363,154.7505889
1126,0.001413,40.7483,13.4356,40.7477,13.4368,153.8481707
1127,0.001609,40.7500,13.4348,40.7492,13.4362,152.3848949
1128,0.000671,40.7492,13.4370,40.7495,13.4365,153.2273561
1129,0.000881,40.7493,13.4367,40.7489,13.4375,152.0990908
1130,0.001370,40.7490,13.4374,40.7485,13.4387,159.5005876
1131,0.001777,40.7478,13.4368,40.7470,13.4383,151.7286466
1132,0.002100,40.7481,13.4365,40.7473,13.4383,156.0034161
1133,0.004213,40.7471,13.4352,40.7453,13.4389,154.3270557
1134,0.000527,40.7470,13.4377,40.7471,13.4372,163.2879792
1135,0.000651,40.7468,13.4383,40.7470,13.4377,163.6357896
1391,0.030580,40.7849,13.4395,40.7912,13.4692,11.84035044
1392,0.023621,40.7825,13.4501,40.7865,13.4731,9.445419529
1393,0.011090,40.7713,13.4665,40.7744,13.4560,164.1964992
1394,0.011455,40.7927,13.4452,40.7903,13.4341,11.93880228
1395,0.012283,40.7774,13.4506,40.7848,13.4409,143.6945776
1396,0.019957,40.7729,13.4548,40.7592,13.4690,136.7881294
1397,0.032312,40.7789,13.4596,40.7553,13.4812,133.1835696
1398,0.022125,40.7643,13.4815,40.7803,13.4667,133.5933513
1399,0.015882,40.7804,13.4780,40.7802,13.4624,0.531914953
1400,0.018417,40.7480,13.4801,40.7601,13.4670,138.1721774
1401,0.005369,40.7839,13.4959,40.7850,13.4908,168.3273257
1402,0.008169,40.7870,13.4918,40.7852,13.4997,167.9094509
1403,0.006424,40.7819,13.4982,40.7807,13.5044,169.2883032
1414,0.008516,40.8067,13.5249,40.8105,13.5174,153.9092634
1415,0.014089,40.7978,13.5372,40.8056,13.5257,146.5064737
1416,0.014608,40.8008,13.5381,40.8085,13.5259,148.380505
1417,0.012809,40.8042,13.5421,40.8125,13.5327,139.5585764
1418,0.004551,40.8014,13.5314,40.8027,13.5271,163.645152
1419,0.002651,40.8033,13.5287,40.8046,13.5264,151.7479108
1420,0.002572,40.8033,13.5294,40.8045,13.5272,153.7539614
1421,0.003520,40.8036,13.5283,40.8056,13.5255,146.6424011
1422,0.001635,40.8055,13.5262,40.8062,13.5247,155.6956716
1423,0.001313,40.8047,13.5260,40.8053,13.5249,148.8929844
1424,0.001373,40.8054,13.5250,40.8061,13.5239,149.5967297
1425,0.002369,40.8060,13.5257,40.8068,13.5235,161.0050641
1426,0.001819,40.8075,13.5222,40.8083,13.5206,155.0224895
1427,0.003023,40.8076,13.5190,40.8084,13.5162,164.7132958
1428,0.002520,40.8088,13.5187,40.8094,13.5163,164.4263808
1429,0.001981,40.8080,13.5201,40.8086,13.5182,163.3106333
1430,0.003583,40.8098,13.5216,40.8115,13.5186,151.5450984
1431,0.002139,40.8060,13.5299,40.8073,13.5282,142.2399396
1432,0.001891,40.8042,13.5396,40.8052,13.5380,148.9880432
1433,0.006074,40.8033,13.5395,40.8068,13.5346,145.9509958
1434,0.003094,40.8027,13.5392,40.8044,13.5367,145.1020024
1435,0.002788,40.8078,13.5327,40.8090,13.5303,154.2982769
1436,0.007166,40.7880,13.5261,40.7849,13.5323,154.4948088
1437,0.001220,40.7872,13.5275,40.7875,13.5264,163.3684737
1438,0.001495,40.7865,13.5288,40.7871,13.5274,158.1512187
1439,0.001732,40.7861,13.5293,40.7866,13.5277,161.6946287
1440,0.001943,40.7863,13.5306,40.7867,13.5288,168.7187372
1441,0.001660,40.7865,13.5300,40.7869,13.5285,165.6017443
1442,0.001764,40.7849,13.5320,40.7858,13.5305,148.3727556
1443,0.001835,40.7845,13.5305,40.7856,13.5290,146.542966
1444,0.003871,40.7851,13.5293,40.7867,13.5258,155.808314
1445,0.001633,40.7832,13.5318,40.7843,13.5306,138.0660938
1446,0.003464,40.7837,13.5350,40.7853,13.5321,152.6431599
1447,0.001934,40.7827,13.5371,40.7834,13.5353,159.3550206
1448,0.002321,40.7832,13.5372,40.7839,13.5351,161.4160763
1449,0.004917,40.7829,13.5384,40.7801,13.5422,144.9763197
1450,0.000944,40.7802,13.5418,40.7808,13.5410,143.2968085
1451,0.001359,40.7822,13.5398,40.7827,13.5386,160.9816823
1452,0.001423,40.7830,13.5386,40.7834,13.5373,163.1266452
1453,0.001234,40.7827,13.5324,40.7833,13.5314,146.759418
1454,0.001471,40.7817,13.5338,40.7825,13.5326,147.1289275
1455,0.001522,40.7815,13.5345,40.7822,13.5331,155.7601119
1456,0.006298,40.7816,13.5344,40.7792,13.5401,157.4069637
1457,0.001311,40.7839,13.5264,40.7847,13.5254,141.9469273
1458,0.012542,40.7842,13.5254,40.7786,13.5363,153.2965251
1459,0.002874,40.7830,13.5282,40.7814,13.5306,147.1321576
1460,0.004696,40.7837,13.5297,40.7812,13.5334,146.6284933
1461,0.002420,40.7818,13.5312,40.7807,13.5333,152.8943643
1462,0.001581,40.7809,13.5316,40.7817,13.5303,149.7446231
1463,0.001165,40.7809,13.5346,40.7813,13.5335,161.5562678
1464,0.001032,40.7809,13.5350,40.7812,13.5341,158.4441396
1465,0.000839,40.7797,13.5347,40.7801,13.5340,152.8108154
1466,0.001025,40.7806,13.5341,40.7800,13.5350,146.2935931
1467,0.003432,40.7797,13.5354,40.7786,13.5385,161.2060841
1468,0.000539,40.7788,13.5376,40.7788,13.5371,177.5516148
1469,0.000696,40.7803,13.5348,40.7800,13.5354,155.7441517
1470,0.003181,40.7799,13.5355,40.7790,13.5385,162.9751243
1471,0.002652,40.7789,13.5392,40.7780,13.5416,160.6040863
1472,0.028793,40.7653,13.4311,40.7601,13.4586,169.6268021
1473,0.014561,40.7756,13.5425,40.7802,13.5289,161.8085714
1474,0.005382,40.7723,13.5345,40.7749,13.5299,150.7778952
1475,0.012699,40.7685,13.5351,40.7644,13.5468,161.1813125
1476,0.012850,40.7668,13.5488,40.7713,13.5370,159.6133049
1477,0.002323,40.7707,13.5379,40.7717,13.5359,154.089695
1478,0.005118,40.7736,13.5395,40.7757,13.5349,156.0093619
1479,0.002124,40.7750,13.5402,40.7759,13.5383,154.7882815
1480,0.002794,40.7760,13.5378,40.7747,13.5402,152.1627884
1481,0.003332,40.7747,13.5400,40.7735,13.5430,158.6781597
1482,0.002624,40.7773,13.5446,40.7783,13.5422,158.0538629
1483,0.004575,40.7732,13.5345,40.7754,13.5306,151.1146044
1484,0.003491,40.7763,13.5346,40.7775,13.5314,160.1087467
1485,0.002339,40.7782,13.5310,40.7785,13.5287,172.5427866
1486,0.008236,40.7483,13.3809,40.7522,13.3737,152.2065574
1487,0.004616,40.7539,13.3631,40.7550,13.3587,167.4839329
1488,0.010125,40.7562,13.3397,40.7544,13.3495,170.056934
1489,0.020907,40.7549,13.3415,40.7470,13.3599,157.2297216
1490,0.003645,40.7480,13.3563,40.7498,13.3533,149.8983671
1491,0.008026,40.7500,13.3529,40.7524,13.3454,162.296184
1492,0.008587,40.7482,13.3598,40.7459,13.3678,163.9718862
1493,0.004211,40.7417,13.3624,40.7399,13.3661,154.9502224
1494,0.004228,40.7374,13.3637,40.7350,13.3671,145.2107657
1495,0.002502,40.7353,13.3667,40.7339,13.3687,146.3257111
1496,0.004505,40.7345,13.3682,40.7329,13.3722,158.2828028
1497,0.003093,40.7332,13.3719,40.7317,13.3746,151.1157848
1498,0.010279,40.7321,13.3743,40.7266,13.3829,148.0764074
1499,0.004348,40.7327,13.3808,40.7347,13.3770,152.6820436
1500,0.004093,40.7352,13.3756,40.7367,13.3719,158.6416889
1501,0.002857,40.7362,13.3725,40.7373,13.3699,158.7864028
1502,0.002651,40.7371,13.3701,40.7384,13.3679,149.1949785
1503,0.005660,40.7785,13.4815,40.7779,13.4760,5.82296384
1504,0.005675,40.7811,13.4721,40.7822,13.4776,11.11426503
1505,0.008155,40.7688,13.4834,40.7677,13.4913,172.0406163
1506,0.005647,40.7622,13.5005,40.7614,13.5060,171.7356121
1507,0.001928,40.7619,13.5030,40.7623,13.5012,166.5226974
1508,0.006468,40.7617,13.5046,40.7620,13.5110,2.566744192
1509,0.002525,40.7707,13.5115,40.7717,13.5093,156.1705677
1510,0.003154,40.7722,13.5092,40.7726,13.5123,8.592882363
1511,0.003497,40.7693,13.5152,40.7703,13.5119,163.5539765
1512,0.001496,40.7810,13.5116,40.7814,13.5102,163.6462096
1513,0.002797,40.7799,13.5088,40.7799,13.5115,1.251168265
1514,0.001662,40.7798,13.5117,40.7800,13.5101,173.2624411
1515,0.001072,40.7791,13.5134,40.7791,13.5123,0.605246494
1516,0.006538,40.7694,13.5004,40.7715,13.5065,18.22839365
1531,0.009189,40.7554,13.3609,40.7592,13.3527,155.7089544
1532,0.006865,40.7550,13.3578,40.7573,13.3514,160.7098103
1533,0.003913,40.7592,13.3436,40.7604,13.3399,162.4704329
1534,0.002008,40.7578,13.3454,40.7589,13.3437,147.7815223
1535,0.001560,40.7566,13.3471,40.7573,13.3457,154.0357504
1536,0.001563,40.7598,13.3516,40.7603,13.3502,160.8208492
1537,0.002185,40.7635,13.3516,40.7642,13.3496,161.1771784
1538,0.001227,40.7593,13.3531,40.7598,13.3520,156.1214446
1539,0.002407,40.7576,13.3612,40.7588,13.3592,149.7000129
1540,0.002804,40.7496,13.3558,40.7510,13.3534,150.398205
1541,0.000671,40.7499,13.3557,40.7501,13.3551,162.0144814
1542,0.002027,40.7485,13.3563,40.7497,13.3546,145.4925061
1543,0.002664,40.7492,13.3556,40.7506,13.3534,148.2106973
1544,0.001250,40.7500,13.3540,40.7505,13.3529,156.1214446
1545,0.002561,40.7482,13.3571,40.7497,13.3551,143.8540891
1546,0.001242,40.7463,13.3604,40.7471,13.3595,139.1170175
1547,0.003544,40.7456,13.3612,40.7483,13.3590,129.9169814
1548,0.001157,40.7459,13.3612,40.7468,13.3604,132.3864247
1549,0.001477,40.7447,13.3623,40.7458,13.3613,133.0281503
1550,0.003544,40.7467,13.3634,40.7477,13.3602,163.0723588
1551,0.002853,40.7486,13.3598,40.7479,13.3625,165.8291301
1552,0.002606,40.7469,13.3640,40.7476,13.3615,164.7464508
1553,0.001111,40.7480,13.3638,40.7482,13.3627,169.9583548
1554,0.001401,40.7476,13.3637,40.7478,13.3623,172.0791973
1555,0.001572,40.7466,13.3656,40.7468,13.3640,173.0589614
1556,0.002032,40.7469,13.3654,40.7477,13.3636,156.5944469
1557,0.001135,40.7466,13.3667,40.7468,13.3656,169.9583548
1558,0.003928,40.7447,13.3705,40.7457,13.3668,165.2530099
1559,0.003312,40.7459,13.3672,40.7455,13.3704,173.0589614
1560,0.004103,40.7447,13.3763,40.7457,13.3724,165.9786788
1561,0.004164,40.7565,13.3752,40.7553,13.3791,163.3182111
1562,0.001299,40.7553,13.3776,40.7558,13.3764,157.9126681
1563,0.004304,40.7557,13.3771,40.7542,13.3811,159.9367791
1564,0.002214,40.7522,13.3812,40.7535,13.3794,144.8779337
1565,0.001833,40.7539,13.3822,40.7547,13.3806,154.0357504
1566,0.003114,40.7549,13.3800,40.7536,13.3828,155.6685854
1567,0.001894,40.7546,13.3853,40.7552,13.3835,162.0144814
1568,0.002354,40.7541,13.3877,40.7545,13.3854,170.3866207
1569,0.003917,40.7529,13.3900,40.7511,13.3933,152.0214389
1570,0.000887,40.7507,13.3946,40.7509,13.3937,167.7880019
1571,0.002882,40.7511,13.3930,40.7500,13.3956,157.6062111
1572,0.001580,40.7505,13.3949,40.7509,13.3934,165.4412289
1573,0.000567,40.7497,13.3951,40.7500,13.3946,149.7000129
1574,0.004765,40.7500,13.3951,40.7486,13.3995,162.7826323
1575,0.000727,40.7489,13.3987,40.7491,13.3980,164.450077
1576,0.001830,40.7492,13.3984,40.7497,13.3967,164.015782
1577,0.000864,40.7493,13.3973,40.7495,13.3965,166.3158745
1578,0.000885,40.7502,13.3970,40.7502,13.3962,180
1579,0.000535,40.7503,13.3963,40.7503,13.3958,180
1580,0.000984,40.7499,13.3961,40.7502,13.3951,163.7128906
1581,0.000349,40.7497,13.3953,40.7498,13.3950,162.0144814
1582,0.000754,40.7484,13.3997,40.7486,13.3990,164.450077
1583,0.000831,40.7485,13.4002,40.7484,13.4010,173.0589614
1584,0.000986,40.7478,13.4033,40.7480,13.4023,168.9777045
1585,0.000616,40.7481,13.4024,40.7482,13.4018,170.7801539
1586,0.001083,40.7484,13.4015,40.7482,13.4026,169.9583548
1587,0.001565,40.7481,13.4027,40.7476,13.4041,160.8208492
1588,0.001433,40.7477,13.4046,40.7482,13.4033,159.4648065
1589,0.000755,40.7477,13.4043,40.7474,13.4049,154.0357504
1590,0.000994,40.7468,13.4058,40.7473,13.4050,148.6711028
1591,0.000537,40.7469,13.4059,40.7471,13.4055,154.0357504
1592,0.001478,40.7466,13.4076,40.7468,13.4062,172.0791973
1594,0.000539,40.7468,13.4069,40.7470,13.4064,158.7156864
1595,0.001652,40.7462,13.4084,40.7470,13.4070,150.9029157
1596,0.001206,40.7459,13.4088,40.7466,13.4079,142.8562895
1597,0.001286,40.7465,13.4081,40.7459,13.4093,154.0357504
1598,0.000794,40.7456,13.4100,40.7460,13.4093,150.9029157
1599,0.000999,40.7460,13.4096,40.7456,13.4105,156.5944469
1600,0.000323,40.7455,13.4104,40.7457,13.4101,147.0051191
1601,0.000496,40.7452,13.4110,40.7454,13.4106,154.0357504
1602,0.002138,40.7470,13.4098,40.7461,13.4117,155.2346625
1603,0.002106,40.7461,13.4115,40.7454,13.4134,160.2613562
1604,0.001450,40.7464,13.4109,40.7470,13.4097,154.0357504
1605,0.001038,40.7459,13.4117,40.7463,13.4108,156.5944469
1606,0.001388,40.7457,13.4123,40.7461,13.4110,163.3182111
1607,0.001520,40.7455,13.4124,40.7460,13.4110,160.8208492
1608,0.001461,40.7448,13.4128,40.7455,13.4115,152.3266328
1609,0.001383,40.7452,13.4132,40.7455,13.4119,167.3331982
1610,0.001748,40.7450,13.4151,40.7453,13.4134,170.247943
1611,0.000934,40.7446,13.4140,40.7450,13.4132,154.0357504
1612,0.003702,40.7451,13.4135,40.7444,13.4170,168.9777045
1613,0.000873,40.7443,13.4167,40.7446,13.4159,159.9367791
1614,0.000385,40.7448,13.4147,40.7449,13.4143,166.3158745
1615,0.002483,40.7447,13.4150,40.7440,13.4173,163.4896131
1616,0.001264,40.7433,13.4182,40.7440,13.4172,145.716001
1617,0.000687,40.7435,13.4182,40.7438,13.4176,154.0357504
1618,0.001422,40.7426,13.4184,40.7434,13.4173,144.6898263
1619,0.000695,40.7429,13.4189,40.7432,13.4183,154.0357504
1620,0.000759,40.7431,13.4188,40.7435,13.4181,150.9029157
1621,0.000866,40.7431,13.4191,40.7434,13.4183,159.9367791
1622,0.000547,40.7426,13.4192,40.7429,13.4188,143.8540891
1623,0.001286,40.7426,13.4203,40.7429,13.4191,166.3158745
1624,0.001639,40.7421,13.4207,40.7426,13.4192,162.0144814
1625,0.000732,40.7423,13.4199,40.7426,13.4193,154.0357504
1626,0.000604,40.7427,13.4193,40.7431,13.4188,142.0765355
1627,0.000799,40.7426,13.4207,40.7428,13.4200,164.450077
1628,0.001137,40.7423,13.4212,40.7425,13.4201,169.9583548
1629,0.001130,40.7417,13.4215,40.7420,13.4204,165.1248649
1630,0.001699,40.7421,13.4208,40.7417,13.4224,166.3158745
1631,0.000415,40.7415,13.4226,40.7417,13.4222,154.0357504
1632,0.001342,40.7410,13.4243,40.7413,13.4230,167.3331982
1633,0.001386,40.7396,13.4247,40.7403,13.4235,150.398205
1634,0.000667,40.7393,13.4240,40.7397,13.4234,147.0051191
1635,0.001518,40.7394,13.4258,40.7400,13.4245,155.7959904
1636,0.000322,40.7408,13.4248,40.7409,13.4245,162.0144814
1637,0.000659,40.7404,13.4254,40.7406,13.4248,162.0144814
1638,0.000511,40.7403,13.4258,40.7403,13.4253,180
1639,0.000765,40.7389,13.4259,40.7394,13.4253,140.937191
1640,0.000585,40.7386,13.4263,40.7389,13.4259,143.8540891
1641,0.001137,40.7380,13.4280,40.7386,13.4271,147.0051191
1642,0.000763,40.7379,13.4280,40.7382,13.4273,157.3446038
1643,0.002426,40.7309,13.4256,40.7316,13.4234,162.7826323
1644,0.000326,40.7314,13.4236,40.7315,13.4233,162.0144814
1645,0.000295,40.7316,13.4232,40.7318,13.4229,147.0051191
1646,0.004427,40.7320,13.4226,40.7335,13.4186,159.9367791
1647,0.001885,40.7334,13.4186,40.7342,13.4170,154.0357504
1648,0.001021,40.7342,13.4170,40.7347,13.4161,151.5836359
1649,0.003834,40.7337,13.4175,40.7358,13.4144,146.5850541
1650,0.001865,40.7339,13.4170,40.7350,13.4155,144.4652467
1651,0.002757,40.7342,13.4169,40.7360,13.4149,138.7645025
1652,0.001203,40.7358,13.4142,40.7365,13.4133,142.8562895
1653,0.000998,40.7354,13.4145,40.7358,13.4136,156.5944469
1654,0.001588,40.7352,13.4145,40.7360,13.4131,150.9029157
1655,0.000657,40.7359,13.4136,40.7362,13.4130,154.0357504
1656,0.002165,40.7361,13.4130,40.7373,13.4113,145.4925061
1657,0.000990,40.7368,13.4121,40.7374,13.4113,143.8540891
1658,0.001337,40.7366,13.4119,40.7375,13.4109,138.7645025
1659,0.001357,40.7361,13.4120,40.7368,13.4108,150.398205
1660,0.001299,40.7370,13.4112,40.7378,13.4103,139.1170175
1661,0.000957,40.7368,13.4108,40.7373,13.4100,148.6711028
1662,0.000362,40.7375,13.4105,40.7377,13.4102,147.0051191
1663,0.000379,40.7373,13.4099,40.7375,13.4096,147.0051191
1664,0.000901,40.7375,13.4096,40.7380,13.4088,148.6711028
1665,0.000409,40.7380,13.4089,40.7382,13.4086,147.0051191
1666,0.000752,40.7378,13.4102,40.7383,13.4097,135.7569389
1667,0.000603,40.7380,13.4098,40.7384,13.4093,142.0765355
1668,0.000883,40.7381,13.4086,40.7385,13.4079,150.9029157
1669,0.001786,40.7398,13.4102,40.7404,13.4085,161.0302698
1670,0.000440,40.7401,13.4090,40.7403,13.4085,158.7156864
1671,0.000973,40.7403,13.4085,40.7406,13.4076,162.0144814
1672,0.001165,40.7403,13.4084,40.7406,13.4073,165.1248649
1673,0.002063,40.7406,13.4075,40.7414,13.4057,156.5944469
1674,0.000825,40.7406,13.4072,40.7410,13.4064,154.0357504
1675,0.001069,40.7387,13.4065,40.7393,13.4056,147.0051191
1676,0.000947,40.7392,13.4055,40.7396,13.4046,156.5944469
1677,0.000375,40.7394,13.4053,40.7396,13.4050,147.0051191
1678,0.001512,40.7266,13.4283,40.7273,13.4270,152.3266328
1679,0.001323,40.7269,13.4274,40.7275,13.4263,152.0214389
1680,0.001587,40.7267,13.4268,40.7276,13.4256,143.8540891
1681,0.000614,40.7273,13.4255,40.7277,13.4250,142.0765355
1682,0.001286,40.7273,13.4255,40.7279,13.4244,152.0214389
1683,0.001694,40.7272,13.4253,40.7279,13.4238,155.5583745
1684,0.001377,40.7256,13.4263,40.7247,13.4273,138.7645025
1685,0.000783,40.7242,13.4281,40.7246,13.4275,147.0051191
1686,0.000877,40.7248,13.4292,40.7255,13.4286,131.3508438
1687,0.000984,40.7254,13.4288,40.7262,13.4282,127.5992602
1688,0.000732,40.7250,13.4286,40.7256,13.4282,124.3923547
1689,0.001636,40.7233,13.4295,40.7242,13.4282,146.0100671
1690,0.001501,40.7230,13.4299,40.7240,13.4288,138.4788806
1691,0.001672,40.7251,13.4314,40.7262,13.4302,138.2427722
1692,0.002538,40.7396,13.3991,40.7406,13.3968,157.0500701
1693,0.003240,40.7406,13.3971,40.7419,13.3942,156.4146299
1694,0.001495,40.7415,13.3947,40.7421,13.3934,155.7959904
1695,0.001048,40.7417,13.3935,40.7422,13.3926,151.5836359
1696,0.001431,40.7419,13.3930,40.7427,13.3918,147.0051191
1697,0.001678,40.7443,13.3923,40.7448,13.3907,163.0723588
1698,0.001468,40.7439,13.3901,40.7448,13.3890,141.450609
1699,0.003207,40.7455,13.3887,40.7471,13.3860,150.00911
1700,0.000798,40.7448,13.3883,40.7453,13.3877,140.937191
1701,0.001854,40.7458,13.3869,40.7467,13.3853,151.2847286
1702,0.002756,40.7463,13.3871,40.7474,13.3846,156.8036482
1703,0.002132,40.7470,13.3852,40.7481,13.3834,149.2399981
1704,0.001039,40.7392,13.3966,40.7394,13.3956,168.9777045
1705,0.001369,40.7384,13.3975,40.7389,13.3962,159.4648065
1706,0.001230,40.7385,13.3978,40.7391,13.3967,152.0214389
1707,0.000760,40.7378,13.3988,40.7380,13.3980,166.3158745
1708,0.001306,40.7377,13.3995,40.7381,13.3982,163.3182111
1709,0.001052,40.7378,13.3998,40.7381,13.3988,163.7128906
1710,0.000526,40.7375,13.4000,40.7377,13.3995,158.7156864
1711,0.000632,40.7372,13.4006,40.7375,13.4000,154.0357504
1712,0.001577,40.7368,13.4009,40.7375,13.3995,154.0357504
1713,0.001463,40.7378,13.3998,40.7371,13.4010,150.398205
1714,0.000649,40.7366,13.4013,40.7370,13.4008,142.0765355
1715,0.001018,40.7365,13.4021,40.7368,13.4011,163.7128906
1716,0.000583,40.7369,13.4016,40.7371,13.4011,158.7156864
1717,0.001129,40.7365,13.4027,40.7370,13.4017,154.0357504
1718,0.002345,40.7372,13.4017,40.7363,13.4038,157.3446038
1719,0.001006,40.7359,13.4033,40.7364,13.4024,151.5836359
1720,0.000526,40.7363,13.4031,40.7365,13.4026,158.7156864
1721,0.001483,40.7355,13.4043,40.7363,13.4031,147.0051191
1722,0.000468,40.7355,13.4046,40.7357,13.4042,154.0357504
1723,0.001303,40.7347,13.4057,40.7354,13.4046,148.2106973
1724,0.000562,40.7351,13.4062,40.7353,13.4057,158.7156864
1725,0.001044,40.7342,13.4077,40.7345,13.4067,163.7128906
1726,0.001948,40.7349,13.4066,40.7340,13.4082,151.2847286
1727,0.001029,40.7339,13.4089,40.7342,13.4079,163.7128906
1728,0.000906,40.7348,13.4096,40.7352,13.4089,150.9029157
1729,0.000800,40.7338,13.4096,40.7340,13.4088,166.3158745
1730,0.001552,40.7334,13.4108,40.7339,13.4094,160.8208492
1731,0.000679,40.7334,13.4102,40.7336,13.4096,162.0144814
1732,0.001002,40.7330,13.4112,40.7334,13.4103,156.5944469
1733,0.000787,40.7338,13.4119,40.7342,13.4113,147.0051191
1734,0.000898,40.7327,13.4125,40.7330,13.4117,159.9367791
1735,0.000521,40.7327,13.4118,40.7328,13.4113,168.9777045
1736,0.000610,40.7325,13.4124,40.7326,13.4118,170.7801539
1737,0.000951,40.7323,13.4131,40.7327,13.4123,154.0357504
1738,0.000842,40.7322,13.4136,40.7326,13.4128,154.0357504
1739,0.001708,40.7324,13.4123,40.7319,13.4139,163.0723588
1740,0.000783,40.7316,13.4143,40.7319,13.4137,154.0357504
1741,0.000531,40.7315,13.4148,40.7317,13.4144,154.0357504
1742,0.000963,40.7310,13.4155,40.7315,13.4146,151.5836359
1743,0.001034,40.7304,13.4168,40.7308,13.4158,158.7156864
1744,0.000733,40.7301,13.4173,40.7305,13.4167,147.0051191
1745,0.002016,40.7293,13.4199,40.7303,13.4182,150.1918366
1746,0.000571,40.7297,13.4193,40.7301,13.4188,142.0765355
1747,0.001771,40.7288,13.4216,40.7296,13.4201,152.5515317
1748,0.002307,40.7282,13.4232,40.7293,13.4212,151.8239836
1749,0.001973,40.7287,13.4218,40.7279,13.4236,156.5944469
1750,0.001197,40.7284,13.4237,40.7290,13.4227,149.7000129
1751,0.000636,40.7282,13.4235,40.7285,13.4229,154.0357504
1752,0.000436,40.7277,13.4245,40.7279,13.4241,154.0357504
1753,0.001036,40.7237,13.4298,40.7245,13.4292,127.5992602
1754,0.012753,40.7402,13.3839,40.7333,13.3943,147.1311114
1755,0.001436,40.7340,13.3932,40.7345,13.3919,159.4648065
1756,0.002706,40.7348,13.3924,40.7365,13.3903,141.7473254
1757,0.001981,40.7345,13.3918,40.7354,13.3901,152.7241345
1758,0.001760,40.7357,13.3908,40.7367,13.3894,145.1752952
1759,0.002085,40.7356,13.3895,40.7369,13.3879,141.6450543
1760,0.002219,40.7362,13.3894,40.7377,13.3878,137.6023331
1761,0.001524,40.7377,13.3877,40.7388,13.3868,130.0333046
1762,0.001244,40.7373,13.3874,40.7383,13.3867,125.7064734
1763,0.001902,40.7381,13.3879,40.7394,13.3866,135.7569389
1764,0.001853,40.7382,13.3868,40.7396,13.3857,128.8949834
1765,0.001648,40.7395,13.3866,40.7406,13.3855,135.7569389
1766,0.001803,40.7398,13.3853,40.7410,13.3840,138.0443356
1767,0.001855,40.7406,13.3860,40.7417,13.3846,142.5759329
1768,0.000745,40.7406,13.3850,40.7411,13.3844,140.937191
1769,0.002521,40.7410,13.3851,40.7425,13.3831,143.8540891
1770,0.002695,40.7416,13.3834,40.7433,13.3814,140.3809295
1771,0.001039,40.7429,13.3822,40.7435,13.3813,147.0051191
1772,0.001733,40.7431,13.3814,40.7440,13.3801,146.0100671
1773,0.002214,40.7440,13.3796,40.7441,13.3774,177.4652207
1774,0.001066,40.7336,13.3946,40.7340,13.3936,158.7156864
1775,0.003887,40.7340,13.3943,40.7325,13.3978,157.3446038
1776,0.001252,40.7332,13.3955,40.7336,13.3944,160.4982452
1777,0.004402,40.7334,13.3953,40.7315,13.3993,155.1741532
1778,0.001019,40.7323,13.3982,40.7326,13.3972,163.7128906
1779,0.000745,40.7323,13.3984,40.7325,13.3977,164.450077
1780,0.000779,40.7322,13.3991,40.7323,13.3983,173.0589614
1781,0.001423,40.7318,13.3993,40.7323,13.3980,159.4648065
1782,0.001944,40.7321,13.3974,40.7314,13.3992,159.2559679
1783,0.001516,40.7311,13.4010,40.7316,13.3995,162.0144814
1784,0.000970,40.7308,13.4007,40.7311,13.3998,162.0144814
1785,0.001367,40.7314,13.3994,40.7310,13.4007,163.3182111
1786,0.001271,40.7305,13.4021,40.7309,13.4009,162.0144814
1787,0.000981,40.7297,13.4031,40.7301,13.4023,154.0357504
1788,0.001619,40.7298,13.4039,40.7302,13.4024,165.4412289
1789,0.000965,40.7292,13.4040,40.7297,13.4031,151.5836359
1790,0.001247,40.7293,13.4045,40.7297,13.4033,162.0144814
1791,0.000803,40.7287,13.4049,40.7291,13.4042,150.9029157
1792,0.001818,40.7292,13.4039,40.7287,13.4057,164.8619344
1793,0.003175,40.7293,13.4045,40.7286,13.4076,167.597084
1794,0.001111,40.7291,13.4058,40.7293,13.4047,169.9583548
1795,0.000709,40.7288,13.4063,40.7289,13.4056,172.0791973
1796,0.002054,40.7287,13.4063,40.7280,13.4082,160.2613562
1797,0.001059,40.7281,13.4086,40.7286,13.4078,148.6711028
1798,0.000724,40.7277,13.4092,40.7280,13.4085,157.3446038
1799,0.001843,40.7282,13.4088,40.7275,13.4104,156.9216127
1800,0.002310,40.7276,13.4094,40.7269,13.4115,162.0144814
1801,0.000916,40.7771,13.4111,40.7776,13.4103,148.6711028
1802,0.000746,40.7767,13.4116,40.7772,13.4110,140.937191
1803,0.000964,40.7767,13.4140,40.7773,13.4132,143.8540891
1804,0.001071,40.7772,13.4138,40.7778,13.4129,147.0051191
1805,0.000849,40.7763,13.4150,40.7768,13.4143,145.1752952
1806,0.000991,40.7752,13.4151,40.7759,13.4144,135.7569389
1807,0.000386,40.7746,13.4216,40.7747,13.4212,166.3158745
1808,0.000799,40.7746,13.4220,40.7749,13.4212,159.9367791
1809,0.000294,40.7743,13.4226,40.7744,13.4223,162.0144814
1810,0.000434,40.7743,13.4244,40.7743,13.4240,180
1811,0.000509,40.7740,13.4255,40.7741,13.4250,168.9777045
1812,0.001121,40.7545,13.4421,40.7546,13.4410,174.9403248
1813,0.001094,40.7521,13.4462,40.7523,13.4451,169.9583548
1814,0.000962,40.7460,13.4366,40.7465,13.4358,148.6711028
1815,0.001138,40.7452,13.4376,40.7459,13.4367,142.8562895
1816,0.000436,40.7450,13.4381,40.7452,13.4377,154.0357504
1817,0.001180,40.7459,13.4380,40.7454,13.4390,154.0357504
1818,0.001181,40.7447,13.4387,40.7443,13.4398,160.4982452
1819,0.000851,40.7449,13.4399,40.7453,13.4391,154.0357504
1820,0.001101,40.7438,13.4407,40.7443,13.4398,151.5836359
1821,0.000568,40.7446,13.4405,40.7449,13.4399,154.0357504
1822,0.001377,40.7432,13.4420,40.7438,13.4408,154.0357504
1823,0.000633,40.7441,13.4409,40.7444,13.4403,154.0357504
1824,0.001252,40.7434,13.4422,40.7440,13.4412,149.7000129
1825,0.000442,40.7432,13.4430,40.7434,13.4426,154.0357504
1826,0.000854,40.7434,13.4426,40.7438,13.4418,154.0357504
1827,0.000802,40.7439,13.4416,40.7442,13.4409,157.3446038
1828,0.002086,40.7422,13.4440,40.7431,13.4422,154.0357504
1829,0.001385,40.7425,13.4446,40.7431,13.4434,154.0357504
1830,0.000628,40.7424,13.4455,40.7427,13.4449,154.0357504
1831,0.000793,40.7464,13.4391,40.7467,13.4384,157.3446038
1832,0.000732,40.7471,13.4391,40.7473,13.4384,164.450077
1833,0.000441,40.7467,13.4397,40.7469,13.4393,154.0357504
1834,0.000797,40.7453,13.4388,40.7457,13.4381,150.9029157
1835,0.000930,40.7462,13.4398,40.7467,13.4391,145.1752952
1836,0.000810,40.7458,13.4404,40.7461,13.4396,159.9367791
1837,0.001187,40.7455,13.4410,40.7460,13.4400,154.0357504
1838,0.001167,40.7458,13.4415,40.7462,13.4404,160.4982452
1839,0.000990,40.7448,13.4423,40.7453,13.4415,148.6711028
1840,0.000263,40.7453,13.4415,40.7454,13.4412,162.0144814
1841,0.000966,40.7442,13.4431,40.7447,13.4424,145.1752952
1842,0.002174,40.7443,13.4431,40.7436,13.4451,161.1771784
1843,0.000295,40.7435,13.4448,40.7437,13.4446,135.7569389
1844,0.003881,40.7437,13.4452,40.7422,13.4486,156.7482074
1845,0.000557,40.7420,13.4486,40.7423,13.4481,149.7000129
1846,0.000463,40.7430,13.4480,40.7433,13.4477,135.7569389
1847,0.000964,40.7433,13.4470,40.7436,13.4461,162.0144814
1848,0.001312,40.7478,13.4400,40.7483,13.4388,157.9126681
1849,0.000533,40.7484,13.4389,40.7482,13.4394,158.7156864
1850,0.001697,40.7484,13.4389,40.7478,13.4404,158.7156864
1851,0.001098,40.7479,13.4405,40.7482,13.4395,163.7128906
1852,0.000791,40.7478,13.4408,40.7482,13.4401,150.9029157
1853,0.000948,40.7474,13.4409,40.7478,13.4401,154.0357504
1854,0.001330,40.7477,13.4404,40.7471,13.4415,152.0214389
1855,0.000448,40.7470,13.4418,40.7472,13.4414,154.0357504
1856,0.001681,40.7475,13.4410,40.7468,13.4425,155.5583745
1857,0.001533,40.7469,13.4420,40.7462,13.4433,152.3266328
1858,0.001382,40.7465,13.4429,40.7460,13.4441,157.9126681
1859,0.001114,40.7462,13.4437,40.7458,13.4447,158.7156864
1860,0.001196,40.7466,13.4437,40.7470,13.4426,160.4982452
1861,0.001356,40.7464,13.4439,40.7459,13.4452,159.4648065
1862,0.000643,40.7456,13.4454,40.7458,13.4449,158.7156864
1863,0.000379,40.7455,13.4450,40.7457,13.4446,154.0357504
1864,0.000291,40.7456,13.4446,40.7458,13.4444,135.7569389
1865,0.001748,40.7457,13.4448,40.7450,13.4463,155.5583745
1866,0.000337,40.7452,13.4453,40.7454,13.4450,147.0051191
1867,0.000390,40.7450,13.4458,40.7452,13.4455,147.0051191
1868,0.000412,40.7449,13.4461,40.7451,13.4458,147.0051191
1869,0.000949,40.7443,13.4469,40.7448,13.4462,145.1752952
1870,0.000488,40.7448,13.4468,40.7450,13.4464,154.0357504
1871,0.001003,40.7446,13.4472,40.7451,13.4464,148.6711028
1872,0.000374,40.7444,13.4473,40.7446,13.4470,147.0051191
1873,0.000575,40.7440,13.4475,40.7443,13.4470,149.7000129
1874,0.000655,40.7435,13.4481,40.7439,13.4476,142.0765355
1875,0.001493,40.7434,13.4488,40.7443,13.4476,143.8540891
1876,0.001313,40.7438,13.4486,40.7445,13.4476,145.716001
1877,0.000869,40.7432,13.4489,40.7435,13.4481,159.9367791
1878,0.001262,40.7427,13.4496,40.7433,13.4485,152.0214389
1879,0.001759,40.7427,13.4501,40.7436,13.4487,147.9496476
1880,0.001178,40.7425,13.4503,40.7432,13.4493,145.716001
1881,0.000733,40.7429,13.4494,40.7425,13.4500,147.0051191
1882,0.000736,40.7420,13.4509,40.7425,13.4504,135.7569389
1883,0.002792,40.7426,13.4500,40.7413,13.4523,151.1682273
1884,0.001646,40.7416,13.4514,40.7424,13.4501,149.064229
1885,0.000611,40.7417,13.4520,40.7419,13.4514,162.0144814
1886,0.000600,40.7410,13.4530,40.7413,13.4525,149.7000129
1887,0.000326,40.7412,13.4481,40.7413,13.4478,162.0144814
1888,0.001570,40.7413,13.4478,40.7419,13.4464,157.3446038
1889,0.000917,40.7411,13.4501,40.7415,13.4493,154.0357504
1890,0.000772,40.7407,13.4497,40.7413,13.4492,130.5518804
1891,0.000562,40.7415,13.4490,40.7420,13.4488,112.3284947
1892,0.002865,40.7414,13.4498,40.7400,13.4522,150.398205
1893,0.000975,40.7401,13.4508,40.7395,13.4516,143.8540891
1894,0.002911,40.7396,13.4516,40.7382,13.4541,151.3921396
1895,0.001635,40.7395,13.4531,40.7404,13.4518,146.0100671
1896,0.000441,40.7388,13.4543,40.7390,13.4540,147.0051191
1897,0.001328,40.7396,13.4531,40.7390,13.4543,154.0357504
1898,0.000537,40.7387,13.4547,40.7390,13.4543,143.8540891
1899,0.000719,40.7383,13.4553,40.7386,13.4546,157.3446038
1900,0.000821,40.7378,13.4547,40.7382,13.4540,150.9029157
1901,0.000756,40.7380,13.4548,40.7383,13.4541,157.3446038
1902,0.000479,40.7378,13.4552,40.7379,13.4548,166.3158745
1903,0.000434,40.7370,13.4569,40.7372,13.4566,147.0051191
1904,0.001184,40.7410,13.4532,40.7404,13.4542,149.7000129
1905,0.001979,40.7404,13.4540,40.7397,13.4557,158.1479196
1906,0.001923,40.7395,13.4561,40.7404,13.4545,151.2847286
1907,0.001078,40.7401,13.4558,40.7406,13.4549,151.5836359
1908,0.000715,40.7407,13.4546,40.7410,13.4539,157.3446038
1909,0.001317,40.7396,13.4571,40.7401,13.4559,157.9126681
1910,0.000880,40.7393,13.4578,40.7397,13.4571,150.9029157
1911,0.000664,40.7389,13.4571,40.7392,13.4565,154.0357504
1912,0.001343,40.7384,13.4582,40.7389,13.4570,157.9126681
1913,0.002930,40.7385,13.4581,40.7370,13.4606,149.7000129
1914,0.002324,40.7365,13.4616,40.7375,13.4595,155.1194576
1915,0.001468,40.7372,13.4604,40.7365,13.4616,150.398205
1916,0.001346,40.7358,13.4629,40.7364,13.4618,152.0214389
1917,0.002908,40.7343,13.4657,40.7357,13.4632,151.3921396
1918,0.003216,40.7348,13.4643,40.7334,13.4671,154.0357504
1919,0.002652,40.7339,13.4655,40.7327,13.4678,153.0633907
1920,0.001120,40.7335,13.4678,40.7340,13.4668,154.0357504
1921,0.001883,40.7332,13.4684,40.7339,13.4667,158.1479196
1922,0.000208,40.7339,13.4669,40.7340,13.4667,154.0357504
1923,0.001034,40.7339,13.4668,40.7344,13.4659,151.5836359
1924,0.001028,40.7337,13.4669,40.7342,13.4660,151.5836359
1925,0.001060,40.7339,13.4664,40.7343,13.4655,156.5944469
1926,0.001883,40.7347,13.4658,40.7355,13.4641,155.3772701
1927,0.000956,40.7343,13.4656,40.7347,13.4647,156.5944469
1928,0.000521,40.7338,13.4665,40.7340,13.4661,154.0357504
1929,0.000288,40.7335,13.4672,40.7336,13.4669,162.0144814
1930,0.000586,40.7331,13.4679,40.7333,13.4674,158.7156864
1931,0.000630,40.7329,13.4686,40.7331,13.4680,162.0144814
1932,0.000405,40.7330,13.4681,40.7332,13.4678,147.0051191
1933,0.001706,40.7331,13.4675,40.7324,13.4690,155.5583745
1934,0.000610,40.7316,13.4691,40.7319,13.4686,149.7000129
1935,0.003638,40.7328,13.4689,40.7314,13.4721,156.9216127
1936,0.000380,40.7312,13.4720,40.7314,13.4717,147.0051191
1937,0.002381,40.7327,13.4695,40.7317,13.4717,156.1214446
1938,0.000976,40.7320,13.4714,40.7314,13.4722,143.8540891
1939,0.002164,40.7322,13.4699,40.7313,13.4718,155.2346625
1940,0.001613,40.7313,13.4714,40.7307,13.4728,157.3446038
1941,0.002199,40.7312,13.4722,40.7302,13.4741,152.8607798
1942,0.001049,40.7307,13.4732,40.7302,13.4741,151.5836359
1943,0.001391,40.7305,13.4738,40.7313,13.4727,144.6898263
1944,0.000629,40.7311,13.4728,40.7314,13.4723,149.7000129
1945,0.001013,40.7320,13.4733,40.7323,13.4723,163.7128906
1946,0.001354,40.7326,13.4732,40.7330,13.4719,163.3182111
1947,0.001145,40.7336,13.4723,40.7342,13.4714,147.0051191
1948,0.000626,40.7330,13.4719,40.7333,13.4713,154.0357504
1949,0.000857,40.7337,13.4722,40.7342,13.4715,145.1752952
1950,0.005764,40.7337,13.4722,40.7303,13.4767,143.6524577
1951,0.000448,40.7323,13.4742,40.7325,13.4738,154.0357504
1952,0.001222,40.7322,13.4748,40.7329,13.4739,142.8562895
1953,0.001191,40.7318,13.4751,40.7324,13.4741,149.7000129
1954,0.002008,40.7313,13.4729,40.7304,13.4747,154.0357504
1955,0.000680,40.7305,13.4742,40.7303,13.4749,164.450077
1956,0.000505,40.7305,13.4747,40.7302,13.4751,143.8540891
1957,0.001057,40.7298,13.4761,40.7302,13.4751,158.7156864
1958,0.001846,40.7299,13.4762,40.7292,13.4779,158.1479196
1959,0.001792,40.7280,13.4767,40.7284,13.4749,167.7880019
1960,0.000687,40.7284,13.4755,40.7286,13.4748,164.450077
1961,0.001425,40.7291,13.4776,40.7295,13.4763,163.3182111
1962,0.000894,40.7285,13.4757,40.7283,13.4766,167.7880019
1963,0.000523,40.7279,13.4771,40.7282,13.4767,143.8540891
1964,0.000917,40.7274,13.4782,40.7277,13.4774,159.9367791
1965,0.000474,40.7276,13.4774,40.7279,13.4770,143.8540891
1966,0.000376,40.7283,13.4769,40.7285,13.4765,154.0357504
1967,0.000298,40.7283,13.4770,40.7285,13.4767,147.0051191
1968,0.000795,40.7284,13.4769,40.7280,13.4776,150.9029157
1969,0.000732,40.7295,13.4788,40.7297,13.4781,164.450077
1970,0.000572,40.7293,13.4786,40.7296,13.4781,149.7000129
1971,0.000399,40.7292,13.4785,40.7294,13.4782,147.0051191
1972,0.001016,40.7289,13.4785,40.7294,13.4776,151.5836359
1973,0.001264,40.7280,13.4786,40.7285,13.4775,156.1214446
1974,0.000629,40.7275,13.4791,40.7276,13.4785,170.7801539
1975,0.003463,40.7280,13.4784,40.7267,13.4816,158.4135064
1975,0.002844,40.7264,13.4831,40.7275,13.4805,157.6062111
1976,0.001050,40.7275,13.4805,40.7280,13.4796,151.5836359
1977,0.000475,40.7283,13.4796,40.7286,13.4792,143.8540891
1978,0.000956,40.7270,13.4788,40.7273,13.4779,162.0144814
1979,0.000735,40.7268,13.4759,40.7269,13.4751,173.0589614
1980,0.001323,40.7268,13.4753,40.7272,13.4740,163.3182111
1981,0.002234,40.7287,13.4747,40.7296,13.4727,156.3338725
1982,0.001912,40.7287,13.4742,40.7295,13.4725,155.3772701
1983,0.000576,40.7297,13.4730,40.7299,13.4725,158.7156864
1984,0.000932,40.7297,13.4726,40.7302,13.4718,148.6711028
1985,0.002009,40.7286,13.4727,40.7294,13.4709,156.5944469
1986,0.001806,40.7288,13.4727,40.7294,13.4710,161.0302698
1987,0.001381,40.7290,13.4726,40.7294,13.4713,163.3182111
1988,0.000589,40.7291,13.4723,40.7295,13.4718,142.0765355
1989,0.000825,40.7298,13.4712,40.7301,13.4704,159.9367791
1990,0.001251,40.7286,13.4722,40.7292,13.4711,152.0214389
1991,0.004863,40.7295,13.4706,40.7315,13.4663,155.6301179
1992,0.001205,40.7315,13.4672,40.7319,13.4661,160.4982452
1993,0.001920,40.7309,13.4667,40.7315,13.4649,162.0144814
1994,0.000867,40.7301,13.4674,40.7304,13.4666,159.9367791
1995,0.001711,40.7300,13.4673,40.7306,13.4657,159.9367791
1996,0.003028,40.7299,13.4673,40.7310,13.4645,159.0625612
1997,0.002632,40.7300,13.4664,40.7312,13.4641,153.0633907
1998,0.000687,40.7297,13.4673,40.7299,13.4666,164.450077
1999,0.002029,40.7281,13.4733,40.7286,13.4713,166.3158745
2000,0.001030,40.7275,13.4735,40.7279,13.4726,156.5944469
2001,0.003907,40.7258,13.4749,40.7276,13.4715,152.7241345
2002,0.001871,40.7275,13.4723,40.7283,13.4706,155.3772701
2003,0.001143,40.7277,13.4711,40.7281,13.4701,158.7156864
2004,0.001557,40.7281,13.4710,40.7286,13.4696,160.8208492
2005,0.001106,40.7285,13.4703,40.7289,13.4693,158.7156864
2006,0.001097,40.7282,13.4695,40.7287,13.4685,154.0357504
2007,0.000983,40.7287,13.4688,40.7290,13.4678,163.7128906
2008,0.006549,40.7284,13.4688,40.7311,13.4630,155.6115557
2009,0.001584,40.7290,13.4680,40.7296,13.4666,157.3446038
2010,0.001978,40.7289,13.4676,40.7296,13.4658,159.2559679
2011,0.000717,40.7299,13.4662,40.7302,13.4656,154.0357504
2012,0.001173,40.7306,13.4651,40.7310,13.4640,160.4982452
2013,0.003460,40.7311,13.4638,40.7326,13.4608,154.0357504
2014,0.001839,40.7326,13.4606,40.7334,13.4590,154.0357504
2015,0.001190,40.7314,13.4635,40.7319,13.4624,156.1214446
2016,0.002759,40.7314,13.4649,40.7325,13.4624,156.8036482
2017,0.001389,40.7319,13.4623,40.7326,13.4611,150.398205
2018,0.000864,40.7322,13.4620,40.7325,13.4612,159.9367791
2019,0.000698,40.7327,13.4608,40.7331,13.4602,147.0051191
2020,0.001327,40.7330,13.4603,40.7335,13.4591,157.9126681
2021,0.003074,40.7334,13.4594,40.7348,13.4567,153.2064068
2022,0.001653,40.7350,13.4584,40.7357,13.4570,154.0357504
2023,0.002252,40.7310,13.4607,40.7319,13.4587,156.3338725
2024,0.001074,40.7313,13.4606,40.7319,13.4597,147.0051191
2025,0.002430,40.7319,13.4597,40.7306,13.4617,147.6642032
2026,0.000560,40.7315,13.4617,40.7318,13.4612,149.7000129
2027,0.001967,40.7319,13.4603,40.7310,13.4620,152.7241345
2028,0.000917,40.7304,13.4631,40.7308,13.4623,154.0357504
2029,0.000815,40.7312,13.4614,40.7315,13.4607,157.3446038
2030,0.001195,40.7309,13.4618,40.7314,13.4607,156.1214446
2031,0.001075,40.7303,13.4629,40.7308,13.4619,154.0357504
2032,0.002104,40.7307,13.4624,40.7297,13.4642,151.5836359
2033,0.001383,40.7296,13.4641,40.7291,13.4654,159.4648065
2034,0.000918,40.7288,13.4658,40.7291,13.4650,159.9367791
2035,0.003647,40.7290,13.4658,40.7278,13.4691,160.4982452
2036,0.000996,40.7275,13.4684,40.7280,13.4676,148.6711028
2037,0.003060,40.7284,13.4665,40.7270,13.4692,153.2064068
2038,0.000484,40.7268,13.4692,40.7270,13.4688,154.0357504
2039,0.001010,40.7270,13.4695,40.7275,13.4686,151.5836359
2040,0.001908,40.7269,13.4696,40.7263,13.4714,162.0144814
2041,0.001037,40.7267,13.4715,40.7272,13.4706,151.5836359
2042,0.000735,40.7261,13.4701,40.7264,13.4694,157.3446038
2043,0.001057,40.7259,13.4710,40.7264,13.4701,151.5836359
2044,0.001024,40.7279,13.4723,40.7284,13.4714,151.5836359
2045,0.000795,40.7289,13.4735,40.7291,13.4728,164.450077
2046,0.002261,40.7268,13.4718,40.7258,13.4737,152.8607798
2047,0.001273,40.7253,13.4741,40.7257,13.4729,162.0144814
2048,0.000869,40.7267,13.4735,40.7270,13.4728,157.3446038
2049,0.001035,40.7268,13.4729,40.7272,13.4720,156.5944469
2050,0.001106,40.7260,13.4719,40.7264,13.4709,158.7156864
2051,0.000894,40.7257,13.4728,40.7260,13.4720,159.9367791
2052,0.000967,40.7254,13.4723,40.7257,13.4714,162.0144814
2053,0.000949,40.7253,13.4745,40.7258,13.4737,148.6711028
2054,0.001435,40.7260,13.4747,40.7253,13.4759,150.398205
2080,0.001779,40.7757,13.3453,40.7764,13.3437,156.9216127
2081,0.001554,40.7757,13.3455,40.7764,13.3442,152.3266328
2082,0.003216,40.7735,13.3479,40.7747,13.3450,158.0504796
2083,0.001546,40.7783,13.3482,40.7788,13.3468,160.8208492
2084,0.002127,40.7638,13.3675,40.7649,13.3657,149.2399981
2085,0.002863,40.7570,13.4449,40.7583,13.4425,152.1865393
2086,0.000638,40.7583,13.4424,40.7585,13.4418,162.0144814
2087,0.002048,40.7576,13.4462,40.7580,13.4443,168.4128959
2088,0.001475,40.7456,13.4428,40.7462,13.4415,155.7959904
2089,0.000325,40.7452,13.4414,40.7454,13.4411,147.0051191
2090,0.000335,40.7455,13.4417,40.7457,13.4414,147.0051191
2091,0.000506,40.7460,13.4439,40.7462,13.4435,154.0357504
2092,0.000876,40.7421,13.4464,40.7425,13.4457,150.9029157
2093,0.000734,40.7426,13.4482,40.7430,13.4477,142.0765355
2094,0.000721,40.7415,13.4501,40.7420,13.4496,135.7569389
2095,0.002275,40.7393,13.4505,40.7383,13.4525,154.0357504
2096,0.001089,40.7388,13.4518,40.7393,13.4509,151.5836359
2097,0.001004,40.7386,13.4510,40.7381,13.4518,148.6711028
2098,0.000746,40.7376,13.4526,40.7380,13.4520,147.0051191
2099,0.000914,40.7387,13.4533,40.7391,13.4525,154.0357504
2100,0.000701,40.7397,13.4550,40.7401,13.4544,147.0051191
2101,0.000698,40.7384,13.4553,40.7388,13.4548,142.0765355
2102,0.000729,40.7381,13.4566,40.7383,13.4559,164.450077
2103,0.000723,40.7393,13.4565,40.7396,13.4559,154.0357504
2104,0.000409,40.7406,13.4564,40.7407,13.4560,166.3158745
2105,0.000724,40.7404,13.4565,40.7407,13.4558,157.3446038
2106,0.001069,40.7391,13.4586,40.7396,13.4577,151.5836359
2107,0.000757,40.7400,13.4578,40.7396,13.4585,150.9029157
2108,0.000752,40.7386,13.4589,40.7389,13.4583,154.0357504
2109,0.001400,40.7396,13.4585,40.7391,13.4598,159.4648065
2110,0.000798,40.7389,13.4604,40.7392,13.4597,157.3446038
2111,0.000590,40.7383,13.4599,40.7386,13.4594,149.7000129
2112,0.001399,40.7400,13.4610,40.7407,13.4598,150.398205
2113,0.000646,40.7405,13.4609,40.7407,13.4603,162.0144814
2114,0.000669,40.7408,13.4605,40.7410,13.4599,162.0144814
2115,0.001606,40.7412,13.4608,40.7420,13.4595,149.064229
2116,0.000567,40.7414,13.4604,40.7417,13.4599,149.7000129
2117,0.000993,40.7421,13.4593,40.7426,13.4585,148.6711028
2118,0.001869,40.7424,13.4587,40.7433,13.4571,151.2847286
2119,0.001464,40.7432,13.4571,40.7426,13.4584,155.7959904
2120,0.000620,40.7437,13.4579,40.7438,13.4573,170.7801539
2121,0.001256,40.7438,13.4588,40.7442,13.4577,160.4982452
2122,0.000997,40.7445,13.4587,40.7449,13.4578,156.5944469
2123,0.001271,40.7338,13.4608,40.7344,13.4597,152.0214389
2124,0.000539,40.7354,13.4636,40.7356,13.4631,158.7156864
2125,0.002707,40.7364,13.4680,40.7374,13.4655,158.7156864
2126,0.002634,40.7372,13.4656,40.7384,13.4633,153.0633907
2127,0.002976,40.7378,13.4641,40.7390,13.4614,156.5944469
2128,0.001997,40.7369,13.4671,40.7364,13.4690,165.6248038
2129,0.000665,40.7362,13.4695,40.7365,13.4689,154.0357504
2130,0.000481,40.7361,13.4697,40.7364,13.4693,143.8540891
2131,0.000698,40.7361,13.4699,40.7365,13.4693,147.0051191
2132,0.000388,40.7365,13.4693,40.7367,13.4689,154.0357504
2133,0.000180,40.7366,13.4690,40.7367,13.4688,154.0357504
2134,0.001520,40.7365,13.4697,40.7357,13.4710,149.064229
2135,0.001299,40.7357,13.4711,40.7365,13.4701,142.0765355
2136,0.001943,40.7368,13.4702,40.7357,13.4717,144.4652467
2137,0.000832,40.7355,13.4717,40.7359,13.4710,150.9029157
2138,0.001241,40.7358,13.4722,40.7363,13.4711,156.1214446
2139,0.002927,40.7364,13.4711,40.7353,13.4737,157.6062111
2140,0.000827,40.7335,13.4728,40.7339,13.4721,150.9029157
2141,0.001801,40.7319,13.4741,40.7310,13.4757,151.2847286
2142,0.001443,40.7298,13.4789,40.7305,13.4777,150.398205
2143,0.000941,40.7307,13.4777,40.7302,13.4785,148.6711028
2144,0.001490,40.7304,13.4789,40.7312,13.4777,147.0051191
2145,0.000513,40.7305,13.4785,40.7308,13.4781,143.8540891
2146,0.001698,40.7274,13.4788,40.7269,13.4804,163.0723588
2147,0.001234,40.7286,13.4798,40.7280,13.4809,152.0214389
2148,0.000963,40.7269,13.4814,40.7273,13.4806,154.0357504
2149,0.000651,40.7282,13.4814,40.7284,13.4808,162.0144814
2150,0.000810,40.7264,13.4817,40.7266,13.4809,166.3158745
2151,0.000834,40.7263,13.4820,40.7264,13.4812,173.0589614
2152,0.000469,40.7267,13.4820,40.7269,13.4816,154.0357504
2153,0.000439,40.7266,13.4820,40.7268,13.4816,154.0357504
2154,0.001057,40.7262,13.4818,40.7259,13.4828,163.7128906
2155,0.000924,40.7256,13.4846,40.7257,13.4837,173.8238602
2156,0.001681,40.7260,13.4856,40.7266,13.4841,158.7156864
2157,0.001304,40.7254,13.4854,40.7260,13.4842,154.0357504
2158,0.000500,40.7255,13.4841,40.7257,13.4836,158.7156864
2159,0.001651,40.7253,13.4844,40.7257,13.4828,166.3158745
2160,0.000944,40.7251,13.4859,40.7253,13.4850,167.7880019
2161,0.000532,40.7252,13.4859,40.7254,13.4854,158.7156864
2162,0.000943,40.7244,13.4848,40.7246,13.4839,167.7880019
2163,0.000595,40.7247,13.4847,40.7249,13.4842,158.7156864
2164,0.001312,40.7243,13.4840,40.7247,13.4828,162.0144814
2165,0.001166,40.7249,13.4833,40.7253,13.4822,160.4982452
2166,0.000631,40.7248,13.4825,40.7251,13.4819,154.0357504
2167,0.001005,40.7234,13.4836,40.7236,13.4826,168.9777045
2168,0.000472,40.7246,13.4826,40.7247,13.4821,168.9777045
2169,0.000819,40.7248,13.4822,40.7247,13.4814,6.941038616
2170,0.000622,40.7250,13.4816,40.7251,13.4810,170.7801539
2171,0.000254,40.7248,13.4812,40.7248,13.4809,180
2172,0.000491,40.7253,13.4817,40.7254,13.4812,168.9777045
2173,0.000563,40.7241,13.4813,40.7243,13.4808,158.7156864
2174,0.001125,40.7240,13.4809,40.7237,13.4820,165.1248649
2175,0.000928,40.7233,13.4816,40.7237,13.4808,154.0357504
2176,0.000912,40.7233,13.4820,40.7235,13.4811,167.7880019
2177,0.000490,40.7234,13.4822,40.7234,13.4817,180
2178,0.000775,40.7237,13.4833,40.7237,13.4825,180
2179,0.000698,40.7235,13.4823,40.7237,13.4816,164.450077
2180,0.000844,40.7231,13.4818,40.7234,13.4810,159.9367791
2181,0.001710,40.7233,13.4811,40.7236,13.4795,169.6512346
2182,0.001888,40.7235,13.4800,40.7241,13.4783,161.0302698
2183,0.000745,40.7241,13.4790,40.7243,13.4783,164.450077
2184,0.000904,40.7239,13.4781,40.7243,13.4773,154.0357504
2185,0.000907,40.7247,13.4787,40.7250,13.4778,162.0144814
2186,0.000619,40.7242,13.4782,40.7244,13.4776,162.0144814
2187,0.001855,40.7245,13.4778,40.7252,13.4761,158.1479196
2188,0.000993,40.7252,13.4762,40.7246,13.4770,143.8540891
2189,0.000814,40.7254,13.4774,40.7257,13.4767,157.3446038
2190,0.001358,40.7237,13.4770,40.7244,13.4758,150.398205
2191,0.000771,40.7246,13.4781,40.7249,13.4774,157.3446038
2192,0.000737,40.7236,13.4788,40.7238,13.4781,164.450077
2193,0.000719,40.7243,13.4797,40.7243,13.4790,180
2194,0.000965,40.7224,13.4799,40.7227,13.4791,159.9367791
2195,0.000558,40.7240,13.4811,40.7243,13.4807,143.8540891
2196,0.000918,40.7231,13.4855,40.7233,13.4846,167.7880019
2197,0.000608,40.7245,13.4865,40.7247,13.4859,162.0144814
2198,0.001643,40.7252,13.4859,40.7247,13.4874,162.0144814
2199,0.000701,40.7244,13.4872,40.7246,13.4865,164.450077
2200,0.002496,40.7258,13.4864,40.7250,13.4888,162.0144814
2201,0.002189,40.7235,13.4888,40.7242,13.4867,162.0144814
2202,0.001600,40.7239,13.4889,40.7243,13.4874,165.4412289
2203,0.001142,40.7234,13.4892,40.7238,13.4881,160.4982452
2204,0.000488,40.7239,13.4882,40.7240,13.4877,168.9777045
2205,0.000562,40.7242,13.4888,40.7244,13.4883,158.7156864
2206,0.000911,40.7244,13.4884,40.7248,13.4875,156.5944469
2207,0.001315,40.7241,13.4901,40.7244,13.4889,166.3158745
2208,0.000622,40.7245,13.4888,40.7247,13.4882,162.0144814
2209,0.001526,40.7239,13.4900,40.7244,13.4886,160.8208492
2210,0.000675,40.7241,13.4889,40.7242,13.4883,170.7801539
2211,0.002663,40.7241,13.4890,40.7232,13.4914,159.9367791
2212,0.001361,40.7230,13.4912,40.7234,13.4900,162.0144814
2213,0.001663,40.7227,13.4912,40.7233,13.4897,158.7156864
2214,0.000885,40.7234,13.4896,40.7237,13.4888,159.9367791
2215,0.000901,40.7239,13.4909,40.7240,13.4900,173.8238602
2217,0.002139,40.7223,13.4908,40.7229,13.4887,164.450077
2218,0.000878,40.7216,13.4916,40.7218,13.4907,167.7880019
2219,0.001285,40.7219,13.4924,40.7222,13.4911,167.3331982
2220,0.000426,40.7213,13.4926,40.7215,13.4922,154.0357504
2221,0.000902,40.7205,13.4936,40.7207,13.4928,166.3158745
2222,0.003939,40.7318,13.4937,40.7315,13.4899,4.396735277
2223,0.001669,40.7309,13.4937,40.7311,13.4921,173.0589614
2224,0.001340,40.7322,13.4942,40.7324,13.4929,171.4785376
2225,0.004367,40.7321,13.4931,40.7322,13.4974,1.297488746
2226,0.003530,40.7304,13.4988,40.7305,13.4953,178.4060812
2227,0.006363,40.7301,13.4964,40.7282,13.5023,162.5867217
2228,0.004370,40.7275,13.5003,40.7264,13.5044,165.3562608
2229,0.002618,40.7279,13.5001,40.7282,13.4976,173.3340531
2230,0.002084,40.7283,13.4972,40.7285,13.4952,174.4373878
2231,0.001673,40.7283,13.4950,40.7283,13.4934,180
2232,0.003049,40.7233,13.5076,40.7252,13.5053,141.1818156
2233,0.003579,40.7250,13.5054,40.7266,13.5023,153.3127492
2234,0.002333,40.7237,13.5067,40.7244,13.5045,162.7826323
2235,0.001750,40.7225,13.5080,40.7235,13.5066,145.1752952
2236,0.007583,40.7192,13.5025,40.7216,13.4955,161.5350247
2237,0.000996,40.7218,13.4972,40.7220,13.4962,168.9777045
2238,0.001107,40.7222,13.4964,40.7224,13.4953,169.9583548
2239,0.000980,40.7223,13.4966,40.7225,13.4957,167.7880019
2240,0.000499,40.7223,13.4968,40.7224,13.4963,168.9777045
2241,0.000625,40.7225,13.4966,40.7226,13.4960,170.7801539
2242,0.000910,40.7225,13.4969,40.7228,13.4960,162.0144814
2243,0.000598,40.7226,13.4973,40.7228,13.4967,162.0144814
2244,0.001934,40.7414,13.4401,40.7423,13.4384,152.7241345
2245,0.001458,40.7418,13.4381,40.7424,13.4368,155.7959904
2246,0.000918,40.7436,13.4343,40.7441,13.4336,145.1752952
2247,0.001566,40.7442,13.4331,40.7451,13.4318,146.0100671
2248,0.000816,40.7474,13.4360,40.7477,13.4352,159.9367791
2249,0.000677,40.7476,13.4353,40.7479,13.4347,154.0357504
2250,0.000960,40.7472,13.4341,40.7477,13.4332,151.5836359
2251,0.000741,40.7470,13.4339,40.7474,13.4333,147.0051191
2252,0.001729,40.7490,13.4320,40.7498,13.4305,152.5515317
2253,0.000446,40.7487,13.4309,40.7489,13.4305,154.0357504
2254,0.001212,40.7516,13.4306,40.7519,13.4294,166.3158745
2255,0.001812,40.7536,13.4290,40.7541,13.4273,164.015782
2256,0.001041,40.7556,13.4249,40.7560,13.4240,156.5944469
2257,0.000870,40.7560,13.4239,40.7563,13.4231,159.9367791
2258,0.000997,40.7572,13.4232,40.7575,13.4223,162.0144814
2259,0.001328,40.7558,13.4216,40.7563,13.4204,157.9126681
2260,0.001832,40.7554,13.4125,40.7561,13.4109,156.9216127
2261,0.000619,40.7561,13.4108,40.7563,13.4102,162.0144814
2262,0.000709,40.7564,13.4099,40.7565,13.4092,172.0791973
2263,0.000724,40.7565,13.4092,40.7568,13.4085,157.3446038
2264,0.001437,40.7572,13.4080,40.7579,13.4067,152.3266328
2265,0.001651,40.7259,13.4144,40.7266,13.4130,154.0357504
2266,0.001747,40.7264,13.4132,40.7271,13.4116,156.9216127
2267,0.001082,40.7266,13.4126,40.7269,13.4116,163.7128906
2268,0.001119,40.7262,13.4137,40.7265,13.4126,165.1248649
2269,0.001472,40.7262,13.4125,40.7258,13.4139,164.450077
2270,0.001859,40.7256,13.4141,40.7248,13.4158,155.3772701
2271,0.003496,40.7256,13.4146,40.7241,13.4177,154.7677471
2272,0.001516,40.7241,13.4167,40.7246,13.4153,160.8208492
2273,0.000983,40.7238,13.4179,40.7242,13.4170,156.5944469
2274,0.003585,40.7241,13.4168,40.7228,13.4201,159.0099003
2275,0.003212,40.7231,13.4184,40.7223,13.4214,165.4412289
2276,0.000543,40.7221,13.4211,40.7220,13.4216,168.9777045
2277,0.000381,40.7221,13.4216,40.7221,13.4219,180
2278,0.000770,40.7210,13.4228,40.7215,13.4223,135.7569389
2279,0.001208,40.7203,13.4237,40.7209,13.4227,149.7000129
2280,0.000525,40.7203,13.4235,40.7199,13.4238,127.5992602
2281,0.001214,40.7181,13.4246,40.7192,13.4240,119.2514624
2282,0.000608,40.7192,13.4240,40.7198,13.4237,117.1754534
2283,0.000957,40.7187,13.4251,40.7193,13.4244,140.1452318
2284,0.000523,40.7251,13.4315,40.7247,13.4318,127.5992602
2285,0.000667,40.7244,13.4321,40.7249,13.4317,129.400435
2286,0.001586,40.7230,13.4339,40.7242,13.4328,133.2653955
2287,0.001203,40.7229,13.4345,40.7237,13.4336,139.1170175
2288,0.001082,40.7224,13.4356,40.7231,13.4348,139.5630026
2289,0.000514,40.7231,13.4349,40.7234,13.4344,149.7000129
2290,0.000892,40.7227,13.4354,40.7234,13.4347,135.7569389
2291,0.000762,40.7220,13.4358,40.7225,13.4352,140.937191
2292,0.000584,40.7221,13.4360,40.7225,13.4356,135.7569389
2293,0.001321,40.7207,13.4374,40.7215,13.4364,142.0765355
2294,0.003653,40.7220,13.4362,40.7197,13.4389,140.3196679
2295,0.002087,40.7191,13.4387,40.7206,13.4373,133.780895
2296,0.000623,40.7205,13.4380,40.7206,13.4374,170.7801539
2297,0.000932,40.7195,13.4400,40.7201,13.4393,140.1452318
2298,0.000850,40.7194,13.4394,40.7200,13.4388,135.7569389
2299,0.001320,40.7191,13.4397,40.7198,13.4386,148.2106973
2300,0.002033,40.7452,13.4676,40.7458,13.4657,162.9045127
2301,0.000591,40.7450,13.4667,40.7453,13.4661,154.0357504
2302,0.001080,40.7456,13.4677,40.7459,13.4666,165.1248649
2303,0.000931,40.7460,13.4674,40.7465,13.4666,148.6711028
2304,0.000481,40.7458,13.4675,40.7460,13.4670,158.7156864
2305,0.001141,40.7325,13.4663,40.7330,13.4653,154.0357504
2306,0.000658,40.7319,13.4663,40.7322,13.4657,154.0357504
2307,0.000596,40.7313,13.4678,40.7315,13.4673,158.7156864
2308,0.000861,40.7307,13.4696,40.7310,13.4688,159.9367791
2309,0.000746,40.7307,13.4691,40.7303,13.4698,150.9029157
2310,0.001391,40.7300,13.4726,40.7305,13.4713,159.4648065
2311,0.001293,40.7279,13.4750,40.7283,13.4738,162.0144814
2312,0.001442,40.7295,13.4755,40.7302,13.4743,150.398205
2313,0.001212,40.7298,13.4753,40.7294,13.4764,160.4982452
2314,0.000842,40.7294,13.4760,40.7297,13.4752,159.9367791
2315,0.000384,40.7293,13.4774,40.7295,13.4770,154.0357504
2316,0.000469,40.7277,13.4782,40.7279,13.4778,154.0357504
2317,0.000951,40.7262,13.4768,40.7266,13.4760,154.0357504
2318,0.001018,40.7263,13.4763,40.7260,13.4772,162.0144814
2319,0.000540,40.7267,13.4780,40.7269,13.4775,158.7156864
2320,0.000836,40.7250,13.4783,40.7252,13.4775,166.3158745
2321,0.000568,40.7246,13.4772,40.7249,13.4768,143.8540891
2322,0.000803,40.7237,13.4778,40.7240,13.4770,159.9367791
2323,0.000929,40.7232,13.4783,40.7234,13.4774,167.7880019
2324,0.000532,40.7235,13.4791,40.7237,13.4786,158.7156864
2325,0.000962,40.7236,13.4804,40.7238,13.4795,167.7880019
2326,0.001410,40.7230,13.4795,40.7226,13.4809,164.450077
2327,0.000320,40.7241,13.4815,40.7242,13.4812,162.0144814
2328,0.000555,40.7243,13.4836,40.7245,13.4830,162.0144814
2329,0.001001,40.7250,13.4852,40.7248,13.4861,167.7880019
2330,0.000587,40.7231,13.4886,40.7233,13.4880,162.0144814
2331,0.000967,40.7214,13.4901,40.7216,13.4891,168.9777045
2332,0.000547,40.7220,13.4898,40.7222,13.4893,158.7156864
2333,0.000497,40.7218,13.4903,40.7220,13.4898,158.7156864
2334,0.000500,40.7216,13.4914,40.7214,13.4919,158.7156864
2335,0.000537,40.7228,13.4933,40.7229,13.4927,170.7801539
2336,0.000561,40.7227,13.4931,40.7229,13.4926,158.7156864
2337,0.001032,40.7206,13.4951,40.7206,13.4962,180
2338,0.000803,40.7197,13.5004,40.7196,13.5012,173.0589614
2339,0.001012,40.7114,13.5197,40.7114,13.5207,180
2340,0.001621,40.7123,13.5202,40.7122,13.5218,176.5167006
2341,0.000368,40.7124,13.5205,40.7124,13.5201,180
2342,0.001624,40.7116,13.5220,40.7118,13.5204,173.0589614
2343,0.000532,40.7115,13.5214,40.7115,13.5208,180
2344,0.000515,40.7121,13.5212,40.7121,13.5217,180
2345,0.001446,40.7121,13.5216,40.7120,13.5230,176.0205857
2346,0.000567,40.7136,13.5222,40.7135,13.5227,168.9777045
2347,0.001550,40.7135,13.5228,40.7135,13.5243,180
2348,0.001380,40.7121,13.5278,40.7124,13.5264,168.2117247
2349,0.000467,40.7123,13.5290,40.7125,13.5285,158.7156864
2350,0.001251,40.7118,13.5298,40.7114,13.5310,162.0144814
2351,0.000936,40.7112,13.5319,40.7114,13.5310,167.7880019
2352,0.001475,40.7100,13.5355,40.7104,13.5341,164.450077
2353,0.001176,40.7103,13.5341,40.7104,13.5329,175.3600403
2354,0.001216,40.7098,13.5342,40.7100,13.5330,170.7801539
2355,0.000522,40.7100,13.5335,40.7101,13.5330,168.9777045
2356,0.000685,40.7102,13.5330,40.7102,13.5337,180
2357,0.001773,40.7100,13.5340,40.7096,13.5357,167.0930713
2358,0.001037,40.7088,13.5339,40.7088,13.5329,180
2359,0.002577,40.7092,13.5330,40.7087,13.5355,168.9777045
2360,0.002362,40.7086,13.5334,40.7083,13.5357,172.7603134
2361,0.003742,40.7095,13.5344,40.7090,13.5380,172.2965406
2362,0.001406,40.7095,13.5369,40.7097,13.5356,171.4785376
2363,0.000804,40.7100,13.5361,40.7101,13.5353,173.0589614
2364,0.001529,40.7078,13.5372,40.7079,13.5356,176.5167006
2365,0.001725,40.7080,13.5390,40.7080,13.5373,180
2366,0.001512,40.7087,13.5392,40.7088,13.5377,176.2851107
2367,0.002747,40.6935,13.5513,40.6944,13.5487,161.3696775
2368,0.002189,40.6944,13.5512,40.6951,13.5491,162.0144814
2369,0.001159,40.7586,13.5381,40.7590,13.5370,160.4982452
2370,0.000825,40.7585,13.5389,40.7586,13.5381,173.0589614
2371,0.000942,40.7577,13.5414,40.7580,13.5406,159.9367791
2372,0.000400,40.7573,13.5424,40.7574,13.5421,162.0144814
2373,0.000625,40.7573,13.5425,40.7576,13.5420,149.7000129
2374,0.000573,40.7560,13.5463,40.7562,13.5458,158.7156864
2375,0.000969,40.7464,13.5626,40.7469,13.5618,148.6711028
2376,0.002794,40.7441,13.5663,40.7431,13.5689,159.4648065
2377,0.003963,40.7401,13.5737,40.7378,13.5769,145.0077637
2378,0.001219,40.7371,13.5776,40.7365,13.5786,149.7000129
2379,0.002425,40.7359,13.5797,40.7347,13.5818,150.9029157
2380,0.000510,40.7337,13.5836,40.7334,13.5840,143.8540891
2381,0.001526,40.7333,13.5841,40.7325,13.5853,147.0051191
2382,0.007719,40.7318,13.5860,40.7274,13.5922,145.3489487
2383,0.001560,40.7273,13.5924,40.7266,13.5938,154.0357504
2384,0.000915,40.7406,13.4738,40.7408,13.4729,167.7880019
2385,0.001018,40.7407,13.4732,40.7410,13.4723,162.0144814
2386,0.000938,40.7408,13.4738,40.7410,13.4729,167.7880019
2387,0.001200,40.7340,13.4775,40.7346,13.4765,149.7000129
2388,0.000568,40.7339,13.4770,40.7342,13.4765,149.7000129
2389,0.000513,40.7336,13.4774,40.7339,13.4770,143.8540891
2390,0.001100,40.7335,13.4764,40.7329,13.4773,147.0051191
2391,0.001822,40.7335,13.4785,40.7323,13.4798,138.0443356
2392,0.001039,40.7328,13.4797,40.7335,13.4789,139.5630026
2393,0.000716,40.7322,13.4788,40.7326,13.4783,142.0765355
2394,0.001679,40.7322,13.4801,40.7312,13.4815,145.1752952
2395,0.001257,40.7340,13.4756,40.7348,13.4747,139.1170175
2396,0.000753,40.7476,13.4591,40.7480,13.4585,147.0051191
2397,0.001192,40.7477,13.4587,40.7482,13.4576,156.1214446
2398,0.001272,40.7479,13.4580,40.7484,13.4568,157.9126681