Analysis,Horizon,SiO2,TiO2,Al2O3,FeO,MnO,MgO,CaO,Na2O,K2O,Rb,Sr,Zr,Nb,Ba,La,Yb,Pb,Th,U
EYS1_1,A,76.95,0.09,12.28,1.36,0.02,0.03,0.57,3.32,5.38,244,3.6,209,65,52,79,8.3,47,31,8.2
EYS1_10,A,76.96,0.08,12.19,1.39,0.02,0.03,0.57,3.56,5.19,241,3.4,226,67,43,84,8.9,42,33,8.2
EYS1_11,A,77.32,0.08,12.28,1.22,0.02,0.03,0.56,3.36,5.13,260,2.0,177,71,19,46,11.2,45,33,9.2
EYS1_11_2,A,77.22,0.08,12.37,1.16,0.02,0.03,0.54,3.61,4.97,278,1.9,175,74,20,46,9.6,49,34,9.4
EYS1_15,A,77.59,0.08,12.11,1.22,0.02,0.03,0.50,3.36,5.10,244,3.5,213,64,48,74,7.6,53,32,8.3
EYS1_19_2,A,76.98,0.08,12.62,1.22,0.02,0.03,0.55,3.54,4.95,268,2.3,182,70,18,44,9.4,48,33,8.8
EYS1_2,A,76.78,0.09,12.24,1.33,0.02,0.03,0.54,3.60,5.38,219,6.1,225,61,125,93,8.4,39,31,7.7
EYS1_20,A,76.94,0.08,12.28,1.28,0.02,0.03,0.55,3.58,5.24,246,3.0,217,68,52,78,7.9,47,35,8.5
EYS1_23,A,77.58,0.08,12.45,1.25,0.02,0.03,0.57,3.00,5.01,265,2.2,156,67,18,44,7.9,49,28,8.4
EYS1_24,A,77.04,0.08,12.41,1.18,0.02,0.03,0.58,3.51,5.15,263,1.8,161,68,13,39,9.8,49,31,8.9
EYS1_25,A,77.45,0.08,12.12,1.38,0.02,0.03,0.55,3.23,5.15,250,6.2,236,66,52,87,8.5,46,35,9.6
EYS1_27,A,77.44,0.08,12.24,1.35,0.02,0.02,0.53,3.35,4.96,243,3.3,220,71,46,82,9.0,47,33,9.3
EYS1_28,A,77.02,0.08,12.51,1.28,0.02,0.03,0.60,3.43,5.03,251,2.1,155,71,18,38,7.5,47,26,8.1
EYS1_29,A,77.16,0.08,12.40,1.25,0.02,0.03,0.57,3.45,5.04,275,3.6,164,72,24,45,8.8,45,29,8.4
EYS1_5,A,76.88,0.09,12.42,1.32,0.02,0.03,0.57,3.42,5.26,243,3.4,235,71,51,86,9.6,48,35,8.2
EYS1_5_2,A,77.05,0.08,12.09,1.30,0.02,0.03,0.60,3.59,5.24,240,3.3,217,66,44,75,9.5,48,33,8.3
EYS1_9,A,76.97,0.08,12.29,1.24,0.02,0.03,0.55,3.52,5.32,249,3.1,222,70,35,62,9.3,47,32,9.8
EYS6_1,B,77.31,0.07,12.42,1.18,0.03,0.00,0.53,3.40,5.06,278,1.7,190,77,17,47,10.2,46,32,8.7
EYS6_10,B,77.06,0.10,12.52,1.22,0.04,0.02,0.57,3.39,5.08,247,1.4,162,65,17,43,9.1,50,36,9.3
EYS6_11,B,76.90,0.07,12.57,1.24,0.03,0.01,0.55,3.48,5.15,248,1.4,164,66,16,42,10.2,50,36,9.1
EYS6_12,B,77.47,0.06,12.33,1.27,0.02,0.00,0.51,3.44,4.88,250,1.3,158,64,16,43,9.5,47,34,9.6
EYS6_13,B,77.42,0.08,12.27,1.31,0.04,0.02,0.56,3.34,4.97,275,1.6,184,77,19,49,10.1,49,34,10.0
EYS6_13_2,B,76.67,0.07,12.48,1.22,0.02,0.00,0.53,3.92,5.08,271,2.0,178,72,16,49,11.0,47,34,8.6
EYS6_14,B,77.13,0.06,12.24,1.19,0.04,0.01,0.54,3.81,4.96,272,1.4,186,74,15,49,12.4,47,34,9.4
EYS6_15,B,77.37,0.08,12.51,1.15,0.01,0.01,0.56,3.36,4.94,274,1.5,183,74,19,48,10.2,47,35,9.8
EYS6_16,B,77.18,0.08,12.33,1.23,0.04,0.00,0.57,3.51,5.06,274,1.5,185,72,20,48,9.9,47,35,9.2
EYS6_17,B,77.50,0.07,12.48,1.33,0.03,0.02,0.57,3.24,4.76,258,2.0,193,68,22,52,9.8,45,33,9.5
EYS6_18,B,77.46,0.06,12.30,1.24,0.04,0.02,0.57,3.37,4.94,260,1.4,184,74,15,47,10.4,48,33,9.5
EYS6_19,B,77.27,0.06,12.50,1.28,0.03,0.02,0.52,3.30,5.03,262,1.4,180,70,17,44,11.6,47,33,9.3
EYS6_2,B,77.41,0.08,12.23,1.19,0.00,0.00,0.54,3.62,4.92,278,1.6,179,74,19,47,10.0,48,32,8.6
EYS6_20,B,77.31,0.08,12.37,1.23,0.03,0.01,0.58,3.40,4.99,259,1.9,185,70,16,46,9.8,44,33,8.9
EYS6_21,B,77.10,0.10,12.47,1.23,0.02,0.00,0.58,3.56,4.93,267,1.5,164,69,16,46,9.8,47,33,8.9
EYS6_22,B,77.58,0.06,12.44,1.30,0.01,0.00,0.57,3.26,4.77,280,2.1,195,78,17,48,10.0,51,35,10.4
EYS6_24,B,77.58,0.07,12.39,1.17,0.03,0.00,0.59,3.19,4.98,270,1.9,189,72,17,46,11.2,47,36,10.3
EYS6_25,B,77.41,0.10,12.39,1.41,0.01,0.00,0.58,3.08,5.01,248,3.5,231,70,47,82,8.7,46,36,9.1
EYS6_26,B,77.32,0.07,12.51,1.21,0.04,0.00,0.54,3.44,4.88,268,1.6,184,76,17,49,11.2,48,33,10.1
EYS6_28,B,77.55,0.09,12.24,1.28,0.03,0.01,0.57,3.37,4.85,247,4.4,224,69,64,86,11.4,46,34,8.6
EYS6_29,B,77.29,0.08,12.57,1.16,0.03,0.02,0.55,3.49,4.81,259,1.5,184,75,18,44,10.2,44,35,9.4
EYS6_3,B,77.02,0.08,12.52,1.22,0.02,0.00,0.52,3.56,5.06,267,1.9,180,70,19,44,10.3,50,33,9.6
EYS6_3_2,B,77.40,0.10,12.47,1.22,0.04,0.02,0.57,3.41,4.79,267,1.8,177,75,18,47,8.3,45,35,8.9
EYS6_30,B,76.94,0.09,12.44,1.42,0.03,0.01,0.59,3.50,4.97,232,3.3,216,66,46,78,9.7,42,34,8.1
EYS6_31,B,77.36,0.07,12.52,1.19,0.01,0.00,0.59,3.35,4.90,269,1.1,170,74,21,48,9.5,51,35,9.9
EYS6_35,B,77.52,0.05,12.37,1.26,0.02,0.00,0.59,3.41,4.78,263,2.0,173,72,16,45,9.7,48,31,9.8
EYS6_36,B,77.55,0.07,12.51,1.21,0.04,0.00,0.57,3.27,4.79,271,1.6,186,75,17,46,10.4,47,33,10.1
EYS6_37,B,77.11,0.08,12.23,1.36,0.03,0.01,0.60,3.48,5.10,250,3.6,232,69,48,86,9.1,45,32,7.8
EYS6_39,B,77.32,0.09,12.19,1.30,0.00,0.01,0.54,3.71,4.82,241,3.0,230,69,50,82,7.8,41,32,9.0
EYS6_4,B,77.65,0.06,12.31,1.32,0.02,0.00,0.58,3.25,4.81,261,2.0,178,74,21,49,9.5,46,31,8.8
EYS6_4_2,B,77.07,0.07,12.57,1.22,0.01,0.01,0.56,3.50,4.99,270,1.9,179,71,17,44,9.2,50,31,9.5
EYS6_40,B,77.25,0.06,12.59,1.42,0.04,0.01,0.57,3.43,4.63,242,3.4,212,71,52,79,8.7,40,31,7.7
EYS6_5,B,77.17,0.07,12.54,1.22,0.02,0.00,0.53,3.34,5.10,256,2.1,172,71,18,48,10.9,48,34,9.0
EYS6_5_2,B,77.57,0.08,12.08,1.34,0.01,0.01,0.55,3.53,4.85,247,1.6,176,71,18,43,9.5,50,31,9.5
EYS6_6,B,77.15,0.09,12.49,1.32,0.01,0.00,0.56,3.39,4.99,255,1.5,164,67,17,45,9.4,47,36,9.5
EYS72_1,C,77.25,0.00,12.24,1.28,0.00,0.00,0.50,3.60,5.14,253,3.3,211,68,42,79,7.5,45,35,9.3
EYS72_11,C,77.07,0.00,12.28,1.34,0.00,0.00,0.53,3.86,4.92,247,3.0,224,70,47,84,10.5,47,36,9.6
EYS72_11_2,C,76.86,0.00,12.35,1.40,0.00,0.00,0.51,3.67,5.21,239,3.0,211,67,42,76,9.4,43,33,8.9
EYS72_12,C,77.14,0.00,12.19,1.37,0.00,0.00,0.52,3.69,5.09,249,3.9,222,69,48,83,10.3,46,36,9.6
EYS72_14,C,77.32,0.00,12.39,1.38,0.00,0.00,0.50,3.30,5.11,251,3.6,223,71,44,83,10.3,49,36,9.0
EYS72_14_2,C,77.12,0.00,12.21,1.29,0.00,0.00,0.53,3.66,5.19,248,3.7,214,69,50,82,9.4,51,35,9.5
EYS72_15,C,77.05,0.00,12.18,1.33,0.00,0.00,0.55,3.57,5.33,248,3.2,219,69,47,80,9.1,47,36,8.9
EYS72_16,C,76.96,0.00,12.40,1.34,0.00,0.00,0.52,3.66,5.13,242,3.1,217,67,49,77,9.7,46,36,9.0
EYS72_16_2,C,77.32,0.00,12.13,1.28,0.00,0.00,0.54,3.56,5.17,251,3.6,220,71,50,82,9.0,49,35,9.8
EYS72_17,C,77.28,0.00,12.41,1.29,0.00,0.00,0.51,3.48,5.03,245,3.4,214,71,47,81,9.3,44,34,9.0
EYS72_18,C,77.15,0.00,12.50,1.37,0.00,0.00,0.50,3.45,5.03,248,3.4,218,69,45,83,8.2,48,34,8.7
EYS72_20,C,76.97,0.00,12.35,1.37,0.00,0.00,0.52,3.50,5.29,254,3.0,232,67,42,84,9.2,49,38,9.4
EYS72_20_2,C,77.41,0.00,12.07,1.34,0.00,0.00,0.51,3.34,5.34,249,3.5,217,70,47,84,11.3,45,35,9.5
EYS72_22,C,77.13,0.00,12.25,1.34,0.00,0.00,0.50,3.46,5.33,247,3.1,217,70,45,81,9.5,44,33,8.7
EYS72_22_2,C,77.37,0.00,12.06,1.24,0.00,0.00,0.55,3.58,5.20,255,3.9,229,73,42,83,9.3,47,37,10.4
EYS72_25,C,77.02,0.00,12.29,1.37,0.00,0.00,0.55,3.59,5.18,242,3.5,215,69,47,77,9.3,42,33,9.9
EYS72_25_2,C,77.59,0.00,12.13,1.31,0.00,0.00,0.49,3.41,5.07,247,3.6,225,70,53,84,8.9,43,36,9.8
EYS72_26,C,77.30,0.00,12.27,1.34,0.00,0.00,0.54,3.41,5.15,224,6.0,232,67,124,94,8.6,41,33,7.9
EYS72_28,C,76.55,0.00,12.64,1.34,0.00,0.00,0.52,3.74,5.20,233,3.1,211,69,43,80,8.9,43,35,8.5
EYS72_28_2,C,77.05,0.00,12.27,1.36,0.00,0.00,0.57,3.43,5.32,248,4.1,211,70,44,78,9.2,47,34,8.6
EYS72_3,C,76.85,0.00,12.47,1.38,0.00,0.00,0.52,3.58,5.19,246,3.0,214,66,44,82,10.0,46,35,9.0
EYS72_3_2,C,77.33,0.00,12.27,1.29,0.00,0.00,0.51,3.51,5.09,242,2.9,217,70,50,78,8.8,48,35,9.0
EYS72_31,C,77.10,0.00,12.38,1.37,0.00,0.00,0.51,3.49,5.15,251,3.4,231,72,54,81,10.2,47,34,9.2
EYS72_34,C,77.24,0.00,12.41,1.35,0.00,0.00,0.50,3.14,5.36,251,3.5,224,68,45,81,9.4,45,34,8.6
EYS72_4,C,77.19,0.00,12.27,1.43,0.00,0.00,0.53,3.40,5.18,215,6.4,210,60,127,83,7.4,42,30,7.9
EYS72_4_2,C,77.04,0.00,12.39,1.36,0.00,0.00,0.52,3.57,5.12,219,6.8,211,62,138,83,7.3,41,31,7.8
EYS72_40,C,76.90,0.00,12.56,1.27,0.00,0.00,0.54,3.53,5.20,260,3.3,220,70,44,81,11.0,45,34,8.9
EYS72_47,C,77.11,0.00,12.40,1.21,0.00,0.00,0.53,3.57,5.17,248,3.7,219,67,46,78,8.4,44,33,8.1
EYS72_5,C,77.01,0.00,12.43,1.38,0.00,0.00,0.50,3.53,5.15,249,3.7,216,70,46,82,10.6,45,35,9.4
EYS72_57,C,77.29,0.00,12.38,1.26,0.00,0.00,0.54,3.43,5.09,257,3.2,227,70,38,83,10.0,50,35,9.9
EYS72_6,C,77.25,0.00,12.18,1.40,0.00,0.00,0.53,3.50,5.14,244,3.7,211,68,49,80,8.7,46,34,9.4
EYS72_6_2,C,77.32,0.00,12.35,1.30,0.00,0.00,0.52,3.36,5.15,242,3.5,216,67,52,76,8.7,43,34,8.8
EYS72_7,C,77.11,0.00,12.20,1.27,0.00,0.00,0.49,3.56,5.37,244,3.3,214,68,42,80,9.5,45,32,8.9
EYS72_8,C,77.40,0.00,12.23,1.35,0.00,0.00,0.57,3.34,5.11,218,6.5,210,61,140,85,9.2,39,30,7.5
EYS8_1,D,76.81,0.09,12.37,1.42,0.02,0.03,0.57,3.48,5.21,216,6.2,219,62,141,83,7.8,41,31,7.2
EYS8_10,D,76.72,0.08,12.42,1.33,0.02,0.03,0.54,3.73,5.13,233,2.4,207,64,44,77,8.2,41,36,8.8
EYS8_10_2,D,76.64,0.08,12.60,1.35,0.02,0.03,0.56,3.48,5.22,229,3.1,210,65,48,75,8.5,45,38,8.7
EYS8_12,D,77.24,0.08,12.36,1.30,0.02,0.03,0.54,3.43,4.99,229,3.7,214,66,56,77,10.5,42,34,8.6
EYS8_13,D,76.94,0.08,12.31,1.32,0.02,0.03,0.55,3.53,5.22,254,3.6,230,69,48,85,10.9,45,35,8.3
EYS8_2,D,77.07,0.08,12.47,1.39,0.02,0.02,0.52,3.36,5.06,243,3.9,211,66,39,80,9.0,43,34,8.5
EYS8_22,D,76.76,0.08,12.43,1.42,0.02,0.03,0.58,3.49,5.20,213,7.0,216,62,136,89,8.9,39,34,7.2
EYS8_22_2,D,77.10,0.08,12.13,1.41,0.02,0.03,0.58,3.35,5.30,223,6.4,228,60,135,93,8.1,40,33,7.4
EYS8_23,D,77.23,0.08,12.29,1.25,0.02,0.03,0.52,3.56,5.01,256,3.5,237,75,49,84,10.3,45,40,9.4
EYS8_28_2,D,76.86,0.08,12.52,1.26,0.02,0.03,0.53,3.45,5.25,251,4.2,238,72,48,92,11.9,43,38,9.4
EYS8_3,D,76.76,0.08,12.46,1.31,0.02,0.03,0.54,3.53,5.28,237,3.3,202,66,49,77,8.7,44,32,8.8
EYS8_36,D,76.33,0.09,12.65,1.30,0.02,0.03,0.57,3.56,5.45,235,3.6,218,71,51,86,8.8,44,38,9.7
EYS8_36_2,D,77.05,0.08,12.10,1.33,0.02,0.03,0.52,3.80,5.07,233,3.1,228,68,48,84,10.4,43,35,8.3
EYS8_4,D,76.91,0.08,12.72,1.34,0.02,0.03,0.52,3.25,5.14,238,3.7,219,69,47,84,10.3,46,37,8.8
EYS8_5,D,76.34,0.09,12.60,1.31,0.02,0.03,0.58,3.86,5.17,201,6.7,210,59,129,85,7.1,38,29,7.6
EYS8_6,D,77.01,0.08,12.47,1.31,0.02,0.03,0.56,3.36,5.16,229,3.6,210,71,44,77,10.0,44,33,8.1
EYS8_6_2,D,76.99,0.08,12.40,1.31,0.02,0.03,0.54,3.76,4.85,236,3.3,217,69,43,82,8.8,42,37,8.7
EYS8_7,D,77.07,0.08,12.09,1.34,0.02,0.03,0.58,3.43,5.35,204,6.5,216,62,128,87,7.2,38,31,7.3
EYS8_9,D,76.68,0.08,12.63,1.33,0.02,0.03,0.56,3.55,5.12,238,3.7,203,63,48,75,8.9,42,34,9.2
EYS9_1,E,77.41,0.09,12.20,1.30,0.02,0.03,0.57,3.24,5.15,226,6.8,217,64,136,85,7.5,39,31,7.5
EYS9_11,E,77.30,0.08,12.12,1.34,0.02,0.03,0.54,3.32,5.25,232,3.3,207,64,45,74,8.2,40,35,8.8
EYS9_12,E,76.90,0.08,12.26,1.43,0.02,0.03,0.54,3.38,5.34,227,3.2,191,65,40,73,9.2,43,33,7.9
EYS9_13,E,76.62,0.09,12.38,1.36,0.02,0.03,0.58,3.53,5.39,207,7.2,210,58,133,80,10.0,38,30,7.0
EYS9_14,E,77.07,0.08,12.24,1.26,0.02,0.03,0.55,3.44,5.31,241,4.3,219,68,47,80,11.0,44,34,8.3
EYS9_15,E,76.75,0.09,12.25,1.42,0.02,0.03,0.57,3.53,5.35,226,7.5,221,65,135,92,9.4,39,35,7.7
EYS9_15_2,E,77.18,0.09,12.11,1.32,0.02,0.03,0.56,3.47,5.22,229,7.6,219,61,135,87,9.0,41,33,7.5
EYS9_16,E,77.05,0.09,12.13,1.35,0.02,0.03,0.58,3.32,5.43,226,5.9,218,61,126,87,8.0,39,33,8.1
EYS9_18,E,76.89,0.09,12.65,1.39,0.02,0.03,0.57,3.07,5.29,224,7.7,218,60,139,88,8.2,40,34,7.4
EYS9_19,E,77.04,0.09,12.32,1.33,0.02,0.03,0.53,3.35,5.29,222,6.7,223,61,137,88,7.9,39,33,7.7
EYS9_19_2,E,76.96,0.09,12.38,1.37,0.02,0.03,0.58,3.45,5.12,223,6.8,215,63,136,87,9.3,39,33,6.8
EYS9_20,E,77.23,0.08,12.22,1.30,0.02,0.03,0.55,3.42,5.14,261,3.8,236,74,56,86,9.3,45,37,8.8
EYS9_21,E,77.19,0.09,12.25,1.34,0.02,0.03,0.57,3.37,5.14,220,7.4,222,61,140,87,7.5,37,32,7.8
EYS9_22,E,76.82,0.08,12.41,1.42,0.02,0.03,0.54,3.30,5.37,246,3.0,224,69,45,82,11.4,44,36,8.8
EYS9_24,E,77.44,0.09,12.13,1.35,0.02,0.03,0.52,3.21,5.21,225,7.0,227,65,142,94,7.5,41,36,8.0
EYS9_26,E,76.96,0.09,12.36,1.34,0.02,0.03,0.58,3.30,5.33,230,7.8,227,62,136,88,8.5,41,33,7.8
EYS9_27_2,E,77.02,0.08,12.09,1.33,0.02,0.03,0.55,3.45,5.44,247,2.4,222,69,40,83,9.4,48,36,9.1
EYS9_29,E,76.84,0.08,12.36,1.32,0.02,0.03,0.57,3.30,5.47,225,7.1,223,63,129,92,8.5,42,32,7.2
EYS9_3,E,77.04,0.09,12.30,1.39,0.02,0.03,0.57,3.31,5.25,231,8.0,224,63,146,90,8.2,40,30,7.4
EYS9_3_2,E,76.66,0.09,12.40,1.33,0.02,0.03,0.58,3.59,5.28,211,8.0,206,60,121,84,8.1,36,29,7.2
EYS9_30,E,76.50,0.09,12.56,1.40,0.02,0.03,0.57,3.48,5.36,232,7.6,218,61,133,87,9.3,39,33,7.6
EYS9_31,E,76.76,0.09,12.19,1.51,0.02,0.03,0.56,3.49,5.35,218,7.7,221,59,142,92,9.0,40,34,7.3
EYS9_31_2,E,76.74,0.09,12.48,1.38,0.02,0.03,0.55,3.37,5.35,220,7.5,233,60,144,95,9.5,40,34,7.8
EYS9_33,E,77.06,0.08,12.35,1.44,0.02,0.02,0.55,3.28,5.18,223,6.6,229,59,146,88,8.2,38,33,7.5
EYS9_35,E,77.06,0.08,12.17,1.42,0.02,0.03,0.56,3.25,5.41,215,7.0,234,62,129,94,9.0,38,31,7.3
EYS9_35_2,E,76.85,0.09,12.29,1.42,0.02,0.03,0.59,3.35,5.34,222,6.7,226,60,142,88,9.3,39,33,7.6
EYS9_36,E,76.77,0.08,12.23,1.34,0.02,0.03,0.54,3.83,5.17,246,3.8,224,68,54,87,11.6,46,38,8.7
EYS9_37,E,77.25,0.09,12.19,1.37,0.02,0.03,0.55,3.20,5.30,219,8.3,219,60,138,87,9.6,39,31,7.8
EYS9_38,E,76.50,0.09,12.41,1.41,0.02,0.03,0.57,3.57,5.41,215,6.4,217,64,144,91,8.8,39,33,8.2
EYS9_39,E,76.86,0.08,12.30,1.40,0.02,0.02,0.56,3.45,5.31,238,3.5,222,68,49,81,7.6,47,35,8.4
EYS9_4,E,76.96,0.09,12.23,1.43,0.02,0.03,0.58,3.38,5.28,221,6.7,217,63,134,82,9.7,39,30,7.7
EYS9_44,E,76.62,0.09,12.32,1.37,0.02,0.03,0.57,3.48,5.50,214,6.8,228,62,141,86,8.8,39,30,7.4
EYS9_44_2,E,77.18,0.09,12.20,1.36,0.02,0.03,0.54,3.50,5.10,217,6.8,234,58,130,93,9.0,38,30,8.4
EYS9_45,E,76.85,0.09,12.16,1.33,0.02,0.03,0.57,3.66,5.29,215,7.0,237,63,139,87,10.1,38,32,6.7
EYS9_5,E,77.21,0.09,12.23,1.39,0.02,0.03,0.60,3.35,5.09,212,6.2,211,58,124,79,10.5,38,31,7.1
EYS9_6,E,77.20,0.09,12.29,1.33,0.02,0.03,0.54,3.44,5.06,212,7.7,211,61,129,82,7.3,39,33,7.6
EYS9_6_2,E,76.74,0.09,12.47,1.42,0.02,0.03,0.55,3.28,5.39,215,8.0,213,60,139,81,8.0,39,31,7.8
EYS9_7,E,77.02,0.09,12.27,1.29,0.02,0.03,0.54,3.50,5.25,203,7.0,221,63,129,84,7.8,38,33,7.9
EYS9_8,E,76.69,0.09,12.54,1.46,0.02,0.03,0.58,3.29,5.30,211,7.0,215,58,135,85,7.7,38,30,7.3
EYS9_9,E,77.38,0.09,12.23,1.39,0.02,0.03,0.56,3.17,5.14,203,6.7,204,59,129,84,8.2,37,31,6.6
EYS9_9_2,E,76.87,0.09,12.37,1.41,0.02,0.03,0.57,3.48,5.15,206,6.6,209,61,132,85,7.7,38,30,6.4
EYS10_11,F,77.54,0.08,12.36,1.34,0.05,0.01,0.57,3.14,4.90,198,8.3,222,57,127,82,8.0,37,26,6.1
EYS10_18,F,77.13,0.10,12.50,1.34,0.02,0.01,0.57,3.18,5.15,217,6.8,206,58,129,78,7.5,37,31,6.8
EYS10_19,F,77.00,0.12,12.31,1.39,0.03,0.00,0.54,3.49,5.12,212,6.8,225,61,140,88,9.1,40,31,8.2
EYS10_20,F,77.05,0.11,12.33,1.39,0.02,0.02,0.55,3.18,5.35,212,7.4,213,59,120,80,7.9,38,34,7.8
EYS10_21,F,76.99,0.09,12.57,1.36,0.02,0.00,0.58,3.37,5.02,215,8.4,220,58,126,78,6.6,38,29,6.6
EYS10_22,F,76.87,0.12,12.55,1.45,0.03,0.03,0.57,3.32,5.06,213,7.7,224,63,136,84,8.9,39,34,7.3
EYS10_24,F,76.99,0.11,12.29,1.32,0.03,0.02,0.56,3.33,5.34,231,7.0,236,66,136,92,7.5,39,33,7.3
EYS10_25,F,77.21,0.06,12.40,1.32,0.03,0.00,0.51,3.31,5.15,248,3.5,229,71,49,82,11.7,49,41,10.5
EYS10_26,F,77.18,0.10,12.45,1.40,0.04,0.01,0.59,3.02,5.21,217,7.3,214,63,139,85,9.8,40,32,7.7
EYS10_32,F,76.91,0.10,12.73,1.35,0.03,0.00,0.56,3.22,5.10,218,7.0,230,65,127,93,8.1,40,35,8.0
EYS10_33,F,77.22,0.11,12.28,1.47,0.00,0.01,0.60,3.16,5.15,213,6.7,218,59,127,90,8.4,38,32,7.6
EYS10_34,F,76.99,0.10,12.51,1.44,0.03,0.00,0.59,3.16,5.19,216,7.4,211,59,134,86,8.9,41,32,7.4
EYS10_35,F,77.02,0.09,12.33,1.41,0.03,0.00,0.54,3.36,5.22,224,7.1,214,65,148,91,8.8,43,36,7.9
EYS10_36,F,77.14,0.10,12.36,1.43,0.02,0.03,0.56,3.28,5.10,210,7.2,226,61,129,89,8.5,40,33,8.5
EYS10_36_2,F,77.44,0.12,12.40,1.43,0.01,0.01,0.52,2.96,5.11,226,8.0,232,62,132,98,10.7,42,32,8.1
EYS10_39,F,77.59,0.10,12.08,1.34,0.06,0.01,0.55,3.29,4.99,224,6.9,248,67,163,93,8.9,42,34,7.8
EYS10_40,F,77.64,0.10,12.29,1.38,0.01,0.00,0.54,3.11,4.93,216,7.4,227,61,121,88,8.6,40,33,7.8
EYS10_41,F,76.83,0.10,12.53,1.43,0.03,0.01,0.56,3.25,5.25,210,8.2,222,61,135,87,9.5,38,31,9.1
EYS10_41_2,F,77.13,0.11,12.43,1.36,0.00,0.01,0.55,3.37,5.02,222,7.5,223,61,133,90,12.4,41,31,7.7
EYS10_44,F,77.38,0.12,12.30,1.42,0.03,0.02,0.56,3.24,4.92,214,8.2,227,61,125,87,9.4,43,34,7.7
EYS10_45,F,77.51,0.10,12.19,1.47,0.02,0.01,0.55,3.23,4.92,219,7.2,230,62,132,89,10.0,41,33,8.3
EYS10_46_2,F,77.54,0.10,12.08,1.35,0.03,0.02,0.60,3.20,5.08,224,7.4,223,61,137,89,8.2,38,33,7.8
EYS10_49,F,77.31,0.11,12.28,1.39,0.03,0.01,0.58,3.21,5.08,217,7.2,235,65,130,90,8.0,40,32,8.0
EYS10_54,F,77.31,0.11,12.22,1.34,0.03,0.01,0.54,3.24,5.20,217,6.9,224,63,124,85,8.0,42,33,8.7
EYS10_55,F,77.00,0.11,12.53,1.36,0.02,0.00,0.58,3.27,5.13,220,7.4,229,64,131,89,8.0,41,35,8.6
EYS10_57,F,77.74,0.10,12.01,1.41,0.01,0.01,0.58,3.09,5.05,224,8.1,230,64,136,91,10.5,42,30,7.6
EYS10_60,F,76.90,0.11,12.42,1.41,0.03,0.00,0.57,3.54,5.03,213,6.6,226,64,126,88,8.2,41,32,7.6
EYS10_61,F,77.72,0.13,12.24,1.42,0.04,0.02,0.56,2.89,4.98,229,7.9,236,66,137,93,8.3,42,33,8.7
EYS10_7,F,76.94,0.09,12.40,1.39,0.02,0.01,0.58,3.37,5.19,208,6.3,213,61,122,85,9.5,39,32,7.9
EYS10_9,F,77.27,0.10,12.56,1.35,0.04,0.03,0.56,2.97,5.12,214,6.2,218,59,121,83,8.8,40,32,8.1
EYS4_10,G,76.95,0.08,12.24,1.29,0.02,0.03,0.54,3.67,5.18,204,8.0,204,59,127,82,7.8,41,31,7.4
EYS4_13,G,76.73,0.09,12.40,1.28,0.02,0.03,0.56,3.67,5.23,199,7.4,212,60,138,86,7.9,41,33,7.5
EYS4_14,G,77.03,0.09,12.20,1.41,0.02,0.03,0.52,3.42,5.27,209,6.7,212,60,131,80,7.3,40,30,8.0
EYS4_14_2,G,76.90,0.09,12.43,1.33,0.02,0.03,0.55,3.52,5.13,218,7.1,213,62,149,88,9.0,41,31,7.4
EYS4_15,G,77.08,0.09,12.23,1.40,0.02,0.03,0.54,3.41,5.20,220,7.4,230,63,148,92,9.0,41,34,7.2
EYS4_15_2,G,77.33,0.09,12.36,1.28,0.02,0.03,0.59,3.38,4.92,222,7.9,218,63,147,93,7.6,39,36,7.9
EYS4_16,G,76.87,0.09,12.35,1.41,0.02,0.03,0.55,3.44,5.24,213,7.2,217,59,137,85,7.4,39,31,7.6
EYS4_17,G,76.67,0.09,12.44,1.47,0.02,0.03,0.57,3.23,5.48,221,6.5,209,61,129,88,7.9,36,33,7.4
EYS4_18,G,77.03,0.09,12.29,1.35,0.02,0.03,0.57,3.39,5.22,216,6.1,214,60,130,84,7.8,41,33,8.4
EYS4_19,G,76.75,0.09,12.54,1.43,0.02,0.03,0.60,3.26,5.27,216,7.2,227,59,144,91,9.8,43,34,7.0
EYS4_2,G,76.83,0.09,12.32,1.38,0.02,0.03,0.55,3.63,5.16,212,7.9,221,62,127,85,7.8,38,31,7.4
EYS4_20,G,77.16,0.09,12.04,1.37,0.02,0.03,0.61,3.55,5.13,216,6.6,221,63,144,88,8.3,39,31,7.3
EYS4_20_2,G,77.38,0.09,12.04,1.38,0.02,0.03,0.57,3.42,5.09,212,8.2,216,61,147,89,7.8,39,32,7.6
EYS4_21,G,76.74,0.09,12.54,1.37,0.02,0.03,0.55,3.48,5.17,213,8.2,226,59,141,86,9.3,41,35,7.4
EYS4_22,G,76.42,0.09,12.61,1.43,0.02,0.03,0.56,3.59,5.26,212,6.9,218,59,154,90,8.1,39,32,7.0
EYS4_25_2,G,76.74,0.09,12.49,1.33,0.02,0.03,0.55,3.58,5.17,219,7.1,225,60,140,89,8.6,38,33,7.5
EYS4_3,G,77.17,0.08,12.26,1.35,0.02,0.03,0.50,3.50,5.09,218,6.1,209,59,142,80,8.4,40,31,7.2
EYS4_5_2,G,77.22,0.09,12.07,1.40,0.02,0.03,0.55,3.24,5.38,214,7.2,204,62,118,81,8.3,44,29,7.1
EYS4_6,G,76.68,0.09,12.66,1.37,0.02,0.03,0.58,3.30,5.27,208,6.7,218,60,132,84,6.5,40,30,7.7
EYS4_6_2,G,77.14,0.09,12.31,1.33,0.02,0.03,0.54,3.32,5.22,206,6.5,211,61,140,81,8.3,38,30,8.0
EYS4_8,G,76.87,0.08,12.31,1.40,0.02,0.03,0.59,3.30,5.40,204,7.8,204,61,137,83,9.4,39,30,7.9
EYS4_9,G,76.68,0.09,12.48,1.29,0.02,0.03,0.54,3.73,5.14,209,6.6,208,61,132,82,9.1,38,30,7.6
EYS12_1,H,77.41,0.09,12.39,1.32,0.04,0.02,0.52,3.18,5.03,224,7.5,228,62,127,90,8.9,40,33,7.5
EYS12_1_2,H,77.27,0.11,12.26,1.41,0.02,0.04,0.58,3.07,5.23,217,7.0,205,63,133,87,8.5,37,29,7.0
EYS12_10,H,77.51,0.10,12.31,1.34,0.05,0.00,0.57,3.07,5.05,196,6.0,195,51,114,80,9.3,41,35,7.9
EYS12_10_2,H,77.69,0.12,12.37,1.34,0.01,0.00,0.56,3.01,4.88,224,6.6,224,62,124,86,8.5,42,32,7.7
EYS12_11,H,77.42,0.09,12.42,1.33,0.04,0.01,0.58,3.11,5.01,203,6.2,209,57,128,85,7.9,43,33,7.5
EYS12_11_2,H,77.02,0.09,12.39,1.45,0.04,0.03,0.60,3.18,5.20,212,6.9,220,64,139,88,10.2,37,33,7.5
EYS12_12,H,77.10,0.12,12.54,1.43,0.04,0.00,0.57,3.14,5.07,201,5.4,192,52,120,83,7.9,43,33,7.5
EYS12_14,H,77.42,0.09,12.31,1.31,0.00,0.01,0.58,3.25,5.03,221,7.0,231,63,143,93,9.6,40,35,7.6
EYS12_14_2,H,77.23,0.12,12.53,1.35,0.03,0.02,0.55,3.07,5.09,221,6.9,211,61,136,89,8.3,40,30,7.4
EYS12_16,H,77.35,0.11,12.24,1.39,0.04,0.00,0.56,3.33,4.98,220,7.8,224,62,136,94,8.8,42,35,7.9
EYS12_19,H,77.06,0.10,12.47,1.41,0.03,0.00,0.56,3.23,5.12,222,7.5,234,63,136,99,9.0,42,35,8.1
EYS12_19_2,H,77.24,0.07,12.37,1.39,0.01,0.01,0.54,3.13,5.23,229,7.6,231,61,147,94,9.4,40,35,7.8
EYS12_2,H,77.49,0.10,12.33,1.42,0.03,0.02,0.54,3.21,4.86,226,6.8,220,60,127,88,10.5,38,33,7.6
EYS12_2_2,H,77.38,0.08,12.57,1.45,0.04,0.02,0.56,3.05,4.86,212,8.4,212,61,129,88,7.4,38,31,8.2
EYS12_20,H,77.19,0.10,12.07,1.47,0.03,0.01,0.59,3.48,5.07,219,7.3,236,64,134,91,9.0,42,33,8.6
EYS12_21,H,77.42,0.09,12.43,1.40,0.04,0.01,0.54,3.12,4.94,220,7.5,233,63,136,94,8.9,39,31,6.8
EYS12_21_2,H,77.23,0.10,12.39,1.40,0.03,0.01,0.56,3.23,5.05,219,7.1,224,61,123,88,8.1,38,33,7.4
EYS12_23,H,76.98,0.12,12.57,1.47,0.03,0.02,0.59,3.17,5.06,211,7.4,224,61,124,90,8.0,39,32,7.9
EYS12_24,H,77.63,0.11,12.19,1.28,0.03,0.01,0.57,3.04,5.13,208,6.7,212,61,137,89,6.9,39,31,6.7
EYS12_28,H,77.11,0.12,12.49,1.43,0.02,0.01,0.57,3.21,5.04,209,6.5,218,60,138,86,7.5,37,32,7.1
EYS12_28_2,H,77.47,0.10,12.20,1.35,0.04,0.03,0.56,3.18,5.08,215,7.0,232,60,145,91,9.3,38,34,7.4
EYS12_29,H,77.13,0.09,12.42,1.41,0.03,0.02,0.55,3.33,5.01,221,7.6,235,63,126,94,8.9,43,31,7.7
EYS12_29_2,H,77.61,0.12,12.28,1.40,0.04,0.01,0.54,3.06,4.94,220,7.3,223,61,130,92,8.4,40,33,7.7
EYS12_3,H,77.26,0.09,12.54,1.36,0.01,0.02,0.57,2.97,5.18,214,6.8,211,58,129,86,8.7,40,30,7.3
EYS12_31,H,77.21,0.10,12.52,1.30,0.05,0.02,0.57,3.06,5.16,226,8.0,228,64,138,90,9.3,43,30,8.3
EYS12_31_2,H,77.33,0.09,12.41,1.42,0.02,0.01,0.60,3.15,4.96,213,8.1,223,64,120,88,9.5,39,34,7.6
EYS12_32,H,77.47,0.08,12.42,1.38,0.04,0.01,0.59,2.94,5.08,218,8.1,239,62,142,93,8.0,44,33,8.1
EYS12_32_2,H,77.74,0.11,12.39,1.25,0.04,0.01,0.57,2.97,4.91,215,8.2,217,63,139,90,9.2,42,30,7.5
EYS12_34,H,77.40,0.07,12.51,1.40,0.03,0.01,0.54,3.08,4.99,245,2.9,232,68,45,85,10.0,45,37,10.0
EYS12_36,H,77.36,0.11,12.44,1.41,0.05,0.01,0.56,2.91,5.16,212,7.3,223,59,123,85,9.8,39,30,7.5
EYS12_39,H,77.15,0.13,12.44,1.39,0.03,0.02,0.55,3.11,5.18,214,6.8,204,59,133,90,9.3,42,31,7.5
EYS12_4,H,77.97,0.10,12.18,1.35,0.00,0.00,0.55,2.90,4.95,210,6.1,211,62,139,87,9.1,41,33,7.6
EYS12_4_2,H,77.27,0.08,12.46,1.39,0.03,0.00,0.57,3.17,5.04,206,6.6,213,59,123,85,9.7,39,31,6.6
EYS12_41,H,77.29,0.08,12.60,1.41,0.03,0.01,0.55,2.93,5.11,224,7.8,228,62,140,86,8.5,40,31,6.8
EYS12_43,H,77.27,0.12,12.29,1.48,0.04,0.00,0.54,3.07,5.20,216,7.6,218,61,131,85,7.7,42,32,7.6
EYS12_44,H,77.38,0.10,12.63,1.39,0.02,0.01,0.53,2.90,5.05,219,6.7,219,60,123,86,9.3,40,34,7.3
EYS12_47,H,77.83,0.07,12.35,1.38,0.02,0.01,0.55,2.98,4.81,245,3.2,219,69,50,77,9.3,45,36,8.8
EYS12_49,H,77.91,0.08,12.21,1.36,0.02,0.00,0.55,2.74,5.11,215,6.8,224,62,122,85,8.7,41,32,7.6
EYS12_5,H,77.30,0.11,12.37,1.31,0.04,0.01,0.55,3.26,5.04,208,6.9,209,56,131,85,7.8,40,34,7.0
EYS12_5_2,H,77.35,0.11,12.43,1.38,0.02,0.01,0.53,3.15,5.02,203,7.4,212,59,135,83,8.2,40,31,7.1
EYS12_51,H,77.17,0.11,12.60,1.36,0.02,0.02,0.54,3.22,4.96,213,7.4,211,62,142,88,9.5,45,33,8.5
EYS12_54,H,77.68,0.11,12.22,1.54,0.02,0.00,0.54,2.95,4.93,224,8.1,219,63,130,91,8.9,43,35,8.1
EYS12_57,H,76.69,0.10,12.47,1.54,0.03,0.01,0.53,3.50,5.12,212,8.2,229,62,133,88,7.6,42,31,8.5
EYS12_6,H,76.95,0.11,12.44,1.29,0.01,0.01,0.59,3.60,5.01,212,7.2,214,55,136,84,8.0,37,29,7.5
EYS12_60,H,77.70,0.09,12.35,1.32,0.01,0.03,0.54,2.94,5.03,221,8.2,222,62,123,90,8.6,42,31,7.7
EYS12_61,H,77.36,0.12,12.37,1.36,0.00,0.01,0.57,3.20,5.01,214,6.5,225,62,145,88,8.1,41,31,7.6
EYS12_64,H,77.24,0.10,12.57,1.45,0.02,0.01,0.57,2.94,5.10,219,7.4,225,62,138,89,8.2,39,29,7.5
EYS12_65,H,77.24,0.09,12.46,1.45,0.01,0.01,0.57,3.01,5.16,211,6.6,206,61,130,85,6.6,37,30,7.2
EYS12_66,H,76.99,0.09,12.64,1.47,0.03,0.02,0.58,3.10,5.08,213,7.5,215,58,138,85,8.3,41,31,7.2
EYS12_7,H,77.38,0.11,12.40,1.44,0.04,0.00,0.55,3.11,4.97,207,7.6,207,57,129,83,8.7,39,32,7.9
EYS12_7_2,H,77.30,0.10,12.50,1.41,0.02,0.02,0.61,3.01,5.04,224,6.8,217,66,138,94,8.1,40,35,7.4
EYS12_70,H,77.15,0.11,12.56,1.35,0.04,0.01,0.55,3.11,5.12,216,6.5,219,63,132,85,6.9,38,29,7.2
EYS12_8,H,77.61,0.12,12.41,1.48,0.03,0.00,0.54,2.79,5.03,203,6.0,197,56,131,80,8.6,40,32,7.6
EYS12_9,H,77.70,0.10,12.15,1.37,0.06,0.00,0.56,3.02,5.04,205,6.3,204,58,122,84,8.5,42,34,7.7
EYS12_9_2,H,77.47,0.13,12.42,1.42,0.03,0.03,0.54,2.88,5.08,219,6.6,210,61,127,87,7.6,41,31,7.9
EYS14_10,I,77.85,0.09,12.24,1.41,0.03,0.02,0.59,2.86,4.91,228,6.5,216,63,141,87,8.5,44,34,8.1
EYS14_11,I,77.90,0.11,12.04,1.41,0.03,0.01,0.56,2.86,5.08,222,7.9,214,64,127,81,9.9,43,30,7.8
EYS14_13,I,77.64,0.09,12.22,1.37,0.04,0.01,0.58,3.00,5.05,223,7.6,212,61,126,80,8.5,39,29,7.8
EYS14_14,I,77.50,0.09,12.42,1.28,0.04,0.02,0.60,3.11,4.92,223,6.9,214,60,117,83,7.8,42,30,7.6
EYS14_15,I,77.24,0.12,12.50,1.34,0.03,0.01,0.63,3.16,4.98,229,7.6,231,62,141,91,10.1,41,32,7.6
EYS14_16_2,I,77.58,0.11,12.40,1.43,0.02,0.00,0.58,3.07,4.81,220,7.5,209,60,128,88,7.2,41,31,8.3
EYS14_17,I,77.13,0.12,12.59,1.43,0.00,0.01,0.57,3.18,4.96,222,8.8,210,60,138,84,7.5,39,30,7.2
EYS14_18,I,77.77,0.11,12.28,1.28,0.03,0.01,0.55,3.07,4.89,225,6.9,206,61,122,83,6.7,42,29,7.5
EYS14_19,I,77.42,0.12,12.38,1.40,0.03,0.02,0.58,3.14,4.90,218,6.4,212,62,127,82,7.5,42,32,7.9
EYS14_2,I,77.19,0.11,12.37,1.42,0.03,0.02,0.56,3.19,5.11,215,6.6,217,62,139,87,8.9,43,33,7.6
EYS14_2_2,I,77.77,0.13,12.05,1.40,0.03,0.02,0.56,3.01,5.04,224,9.7,210,61,133,89,9.1,40,30,8.2
EYS14_20,I,77.56,0.12,12.26,1.39,0.01,0.02,0.56,2.99,5.09,224,6.3,206,60,142,83,8.9,38,31,7.6
EYS14_21,I,77.34,0.09,12.35,1.43,0.04,0.03,0.60,3.02,5.10,227,5.9,221,63,143,86,7.6,41,31,7.2
EYS14_22,I,77.30,0.11,12.22,1.37,0.02,0.01,0.55,3.34,5.06,223,7.0,215,64,130,89,7.2,41,31,7.1
EYS14_23,I,76.76,0.10,12.59,1.38,0.03,0.00,0.58,3.47,5.08,217,7.5,212,59,122,87,8.7,41,29,7.9
EYS14_26,I,77.43,0.10,12.31,1.51,0.04,0.01,0.57,3.11,4.93,233,6.4,232,63,144,95,9.7,39,33,9.9
EYS14_27,I,77.43,0.12,12.41,1.39,0.01,0.01,0.56,3.02,5.04,223,7.2,219,61,130,87,7.8,42,30,6.9
EYS14_28,I,77.63,0.09,12.14,1.43,0.01,0.03,0.54,3.12,5.02,226,7.9,217,62,129,92,8.0,40,32,7.4
EYS14_3,I,77.07,0.08,12.38,1.46,0.04,0.01,0.59,3.20,5.16,221,7.2,213,59,136,83,8.4,44,32,8.2
EYS14_33,I,77.65,0.10,12.37,1.27,0.02,0.01,0.56,3.00,5.03,231,6.9,218,60,116,88,9.1,40,36,7.7
EYS14_34,I,77.21,0.10,12.35,1.36,0.01,0.00,0.57,3.28,5.11,219,7.5,214,60,129,89,7.6,41,31,7.8
EYS14_34_2,I,77.54,0.11,12.23,1.43,0.02,0.00,0.56,3.10,5.01,223,5.2,219,63,141,89,7.9,42,31,7.6
EYS14_35,I,77.39,0.09,12.39,1.36,0.01,0.00,0.56,3.19,5.01,222,6.3,222,61,122,89,7.6,41,29,7.5
EYS14_36,I,77.33,0.11,12.45,1.39,0.02,0.01,0.57,3.23,4.89,223,7.5,216,60,134,87,6.3,41,30,7.5
EYS14_37,I,77.40,0.11,12.37,1.36,0.04,0.01,0.58,3.07,5.08,219,6.5,201,59,112,83,6.9,39,29,7.7
EYS14_4,I,77.55,0.10,12.30,1.42,0.02,0.02,0.58,3.04,4.97,217,8.4,209,61,143,86,9.2,44,30,7.5
EYS14_41,I,77.45,0.09,12.37,1.34,0.04,0.01,0.58,3.08,5.05,219,6.6,207,60,131,80,10.1,41,30,7.3
EYS14_41_2,I,77.55,0.09,12.34,1.34,0.04,0.00,0.55,3.03,5.06,224,6.8,209,62,124,83,7.6,39,30,7.3
EYS14_43,I,77.81,0.09,12.19,1.33,0.02,0.01,0.60,3.11,4.84,223,6.6,212,60,130,83,8.4,41,32,8.2
EYS14_43_2,I,77.48,0.10,12.21,1.35,0.02,0.02,0.56,3.03,5.22,223,6.6,198,64,125,82,7.5,42,31,7.5
EYS14_47,I,77.49,0.11,12.31,1.41,0.02,0.02,0.56,3.22,4.88,221,6.7,212,60,129,83,7.1,39,30,7.0
EYS14_47_2,I,77.59,0.11,12.10,1.47,0.03,0.02,0.57,3.00,5.11,217,7.9,216,62,134,84,8.7,40,32,8.6
EYS14_5,I,77.33,0.10,12.31,1.39,0.03,0.01,0.56,3.18,5.10,219,6.9,218,60,133,87,8.5,41,31,8.6
EYS14_52,I,77.59,0.13,12.33,1.32,0.04,0.02,0.56,2.97,5.06,220,7.5,203,61,127,81,7.4,41,30,7.2
EYS14_53,I,76.98,0.10,12.64,1.44,0.04,0.03,0.60,3.05,5.11,218,7.5,204,59,114,79,7.4,38,29,7.7
EYS14_54,I,77.42,0.10,12.41,1.44,0.02,0.01,0.57,3.11,4.93,226,7.0,204,59,123,82,7.2,39,30,7.7
EYS14_56,I,77.29,0.12,12.51,1.45,0.03,0.02,0.54,2.93,5.10,219,6.0,198,61,121,82,7.7,36,31,7.2
EYS14_56_2,I,77.07,0.10,12.38,1.38,0.03,0.01,0.57,3.25,5.21,226,6.1,197,59,130,80,9.5,40,32,8.0
EYS14_57,I,77.09,0.08,12.52,1.40,0.04,0.02,0.58,3.32,4.94,257,4.1,208,67,46,76,7.5,47,31,8.0
EYS14_6,I,77.31,0.11,12.43,1.42,0.02,0.02,0.56,2.99,5.14,222,7.1,213,60,128,85,8.1,42,30,8.0
EYS14_8,I,78.00,0.11,12.01,1.39,0.02,0.01,0.56,2.91,4.99,223,7.5,222,58,131,80,7.7,42,27,7.2
EYS14_9,I,77.11,0.11,12.44,1.46,0.04,0.02,0.58,3.15,5.09,222,7.1,209,62,132,84,9.1,41,30,8.2
EYS14_9_2,I,77.48,0.11,12.23,1.45,0.03,0.00,0.57,3.12,5.02,220,7.8,211,63,128,85,7.5,41,33,7.0
EYS16_1,J,77.32,0.09,12.04,1.38,0.02,0.03,0.54,3.27,5.31,217,6.6,232,63,132,91,10.6,40,33,7.5
EYS16_10,J,76.75,0.09,12.43,1.23,0.02,0.03,0.58,3.76,5.11,200,6.0,204,56,128,84,9.3,42,34,7.7
EYS16_10_2,J,77.03,0.09,12.39,1.44,0.02,0.03,0.58,3.25,5.18,222,7.2,224,59,127,88,8.4,40,33,7.7
EYS16_11,J,77.15,0.09,12.26,1.32,0.02,0.03,0.52,3.50,5.10,194,7.6,204,57,118,83,7.1,42,31,7.6
EYS16_11_2,J,77.08,0.09,12.40,1.36,0.02,0.03,0.56,3.19,5.28,212,8.0,237,62,134,94,8.0,41,34,8.0
EYS16_12,J,77.39,0.09,12.21,1.30,0.02,0.02,0.59,3.30,5.09,221,7.2,231,63,135,92,8.5,40,34,8.8
EYS16_13,J,77.12,0.09,12.15,1.42,0.02,0.03,0.60,3.30,5.28,217,7.4,235,64,134,92,8.3,39,31,7.6
EYS16_13_2,J,77.00,0.09,12.21,1.44,0.02,0.03,0.58,3.50,5.13,226,7.1,225,59,129,90,9.7,41,33,8.0
EYS16_14,J,77.34,0.07,12.39,1.35,0.02,0.03,0.51,3.26,5.02,252,2.4,230,69,39,86,9.8,45,36,9.4
EYS16_14_2,J,77.45,0.08,12.19,1.29,0.02,0.03,0.49,3.24,5.20,248,2.2,222,69,42,84,10.2,43,39,9.3
EYS16_16,J,77.15,0.09,12.25,1.29,0.02,0.03,0.52,3.52,5.13,218,6.4,235,65,121,89,9.8,38,33,8.0
EYS16_16_2,J,76.95,0.09,12.36,1.38,0.02,0.03,0.54,3.34,5.30,216,6.8,227,61,136,87,9.2,39,32,8.3
EYS16_17,J,77.25,0.08,12.10,1.41,0.02,0.03,0.54,3.49,5.08,213,7.2,234,63,135,93,8.0,39,33,7.4
EYS16_17_2,J,77.53,0.08,12.03,1.36,0.02,0.03,0.56,3.27,5.12,217,7.1,230,64,138,93,9.2,40,32,7.8
EYS16_18,J,77.17,0.09,12.21,1.42,0.02,0.03,0.57,3.24,5.26,221,8.1,225,62,129,91,9.8,41,36,7.5
EYS16_2,J,77.02,0.08,11.82,1.30,0.02,0.03,0.54,3.84,5.35,210,6.7,218,60,132,86,8.7,42,32,6.7
EYS16_20,J,77.33,0.09,12.16,1.39,0.02,0.03,0.59,3.18,5.22,217,7.3,236,63,130,95,9.0,37,29,7.7
EYS16_20_2,J,77.01,0.09,12.13,1.38,0.02,0.03,0.58,3.47,5.29,214,7.1,225,63,127,87,8.2,39,33,7.4
EYS16_22,J,77.11,0.09,12.40,1.30,0.02,0.03,0.55,3.39,5.11,214,6.8,222,59,134,90,7.9,38,31,7.3
EYS16_23,J,76.89,0.09,12.53,1.41,0.02,0.03,0.53,3.44,5.05,212,6.8,228,59,124,90,7.7,37,32,7.1
EYS16_25,J,77.30,0.09,12.22,1.44,0.02,0.03,0.56,3.36,4.99,223,7.7,233,63,127,92,9.8,42,34,8.1
EYS16_26,J,77.33,0.09,11.94,1.49,0.02,0.03,0.55,3.38,5.17,222,6.9,231,65,120,89,8.4,45,36,7.8
EYS16_28,J,77.36,0.09,12.27,1.33,0.02,0.03,0.55,3.22,5.13,218,6.4,236,64,130,90,8.8,40,33,9.2
EYS16_29,J,76.95,0.09,12.46,1.31,0.02,0.03,0.59,3.28,5.26,213,7.7,208,59,129,87,9.1,40,31,6.8
EYS16_3,J,77.27,0.09,11.99,1.39,0.02,0.03,0.52,3.41,5.27,221,7.4,228,62,130,84,7.3,38,31,7.1
EYS16_3_2,J,77.11,0.08,12.36,1.43,0.02,0.03,0.52,3.51,4.94,219,6.4,211,58,132,89,7.6,39,31,7.6
EYS16_30,J,77.38,0.08,12.15,1.36,0.02,0.03,0.53,3.46,4.97,214,7.0,225,62,133,90,8.0,40,32,7.8
EYS16_32,J,77.11,0.09,12.33,1.41,0.02,0.03,0.56,3.31,5.14,217,6.9,226,59,124,89,8.8,40,31,7.3
EYS16_34,J,76.93,0.08,12.41,1.34,0.02,0.03,0.55,3.40,5.23,216,7.0,234,65,132,90,10.1,41,33,7.6
EYS16_37,J,77.24,0.09,12.23,1.37,0.02,0.03,0.56,3.24,5.22,211,7.4,213,60,121,79,7.7,38,31,7.7
EYS16_38,J,76.99,0.08,12.13,1.50,0.02,0.03,0.54,3.51,5.20,220,6.7,230,63,138,90,8.5,41,33,7.9
EYS16_39,J,76.93,0.09,12.45,1.39,0.02,0.03,0.54,3.17,5.37,221,6.9,215,61,134,89,10.0,39,32,6.8
EYS16_4,J,77.10,0.09,12.61,1.27,0.02,0.03,0.57,3.07,5.25,218,5.7,209,58,122,80,8.1,39,32,7.2
EYS16_4_2,J,76.67,0.09,12.36,1.37,0.02,0.03,0.59,3.54,5.32,205,7.8,216,62,127,82,8.8,39,30,8.2
EYS16_43,J,76.90,0.09,12.47,1.35,0.02,0.03,0.52,3.31,5.31,207,7.1,217,60,131,85,8.0,39,31,7.1
EYS16_46,J,77.28,0.08,12.28,1.46,0.02,0.03,0.56,3.23,5.06,212,7.6,208,59,130,80,8.2,39,35,7.5
EYS16_47,J,77.44,0.09,12.37,1.39,0.02,0.03,0.58,3.12,4.97,219,7.1,224,60,126,81,9.1,41,31,7.4
EYS16_5,J,77.04,0.08,12.17,1.37,0.02,0.03,0.57,3.40,5.31,210,7.4,210,58,121,83,9.6,36,32,7.6
EYS16_5_2,J,77.02,0.09,12.28,1.40,0.02,0.03,0.52,3.41,5.24,220,5.8,211,60,133,84,11.0,39,34,7.8
EYS16_51,J,76.97,0.09,12.56,1.34,0.02,0.03,0.54,3.18,5.28,227,6.2,228,64,147,91,9.3,45,34,8.4
EYS16_52,J,77.00,0.09,12.52,1.38,0.02,0.03,0.56,3.27,5.14,220,7.0,210,58,123,86,7.1,40,33,8.2
EYS16_56,J,76.91,0.09,12.56,1.35,0.02,0.03,0.54,3.45,5.04,217,7.5,216,67,136,96,8.9,41,32,7.5
EYS16_6,J,77.16,0.09,12.19,1.41,0.02,0.03,0.54,3.43,5.14,203,6.2,201,58,134,84,9.6,45,36,7.8
EYS16_61,J,77.38,0.08,12.07,1.40,0.02,0.03,0.57,3.41,5.04,210,6.7,216,61,137,86,7.6,39,30,7.2
EYS16_62,J,77.16,0.08,12.18,1.36,0.02,0.03,0.55,3.36,5.26,215,6.4,223,64,137,91,7.1,39,32,7.7
EYS16_65,J,77.15,0.09,12.21,1.36,0.02,0.03,0.58,3.47,5.10,216,8.2,223,62,140,88,9.0,38,30,7.5
EYS16_66,J,76.98,0.09,12.65,1.38,0.02,0.03,0.56,3.07,5.21,217,7.2,213,62,141,84,8.3,39,30,8.0
EYS16_7,J,77.68,0.09,11.78,1.44,0.02,0.03,0.53,3.37,5.07,202,6.4,198,54,128,81,8.6,42,35,7.3
EYS16_7_2,J,77.06,0.08,12.40,1.33,0.02,0.03,0.57,3.44,5.07,223,6.3,225,62,132,91,10.9,42,34,7.7
EYS16_76,J,77.08,0.09,12.30,1.39,0.02,0.03,0.56,3.29,5.24,214,7.1,226,64,133,88,9.0,37,27,7.4
EYS16_78,J,77.19,0.09,12.22,1.37,0.02,0.03,0.54,3.22,5.31,220,6.6,224,66,131,87,8.0,38,31,7.9
EYS24_1,K,77.08,0.08,12.35,1.53,0.02,0.03,0.55,3.21,5.16,216,5.2,197,57,118,73,6.8,54,24,6.1
EYS24_1_2,K,77.13,0.09,12.27,1.36,0.02,0.03,0.58,3.28,5.24,226,5.7,206,59,111,77,7.2,43,31,7.6
EYS24_10,K,76.97,0.09,12.06,1.54,0.02,0.03,0.55,3.54,5.20,227,6.7,215,59,132,85,6.8,40,31,7.5
EYS24_10_2,K,76.83,0.09,12.34,1.33,0.02,0.03,0.54,3.44,5.38,224,6.4,218,61,138,89,8.3,40,30,8.1
EYS24_11,K,77.12,0.09,12.29,1.29,0.02,0.03,0.56,3.42,5.18,223,6.6,213,60,137,90,9.0,45,32,7.9
EYS24_12,K,77.40,0.09,12.03,1.43,0.02,0.03,0.56,3.16,5.28,228,7.0,218,62,129,87,7.6,43,29,7.3
EYS24_16,K,77.50,0.09,11.94,1.42,0.02,0.03,0.55,3.22,5.22,224,6.5,209,61,115,87,8.3,41,31,8.2
EYS24_2_2,K,76.92,0.08,12.17,1.48,0.02,0.03,0.49,3.51,5.30,221,6.3,203,61,115,79,8.8,40,29,7.2
EYS24_20_2,K,77.49,0.09,11.99,1.45,0.02,0.03,0.56,3.26,5.13,223,6.8,221,60,119,86,9.7,40,30,7.6
EYS24_21,K,77.37,0.08,12.02,1.45,0.02,0.03,0.57,3.37,5.09,220,7.6,207,61,123,84,10.0,39,32,8.1
EYS24_22_2,K,77.08,0.09,12.48,1.43,0.02,0.03,0.57,3.12,5.18,219,7.0,214,60,148,87,8.3,39,32,7.0
EYS24_25_2,K,77.59,0.09,12.01,1.46,0.02,0.03,0.56,2.97,5.28,225,6.7,232,65,131,89,7.9,43,29,7.4
EYS24_28,K,76.93,0.09,12.22,1.43,0.02,0.03,0.56,3.69,5.03,218,6.3,213,61,124,84,8.2,40,31,7.5
EYS24_28_2,K,76.95,0.08,12.38,1.35,0.02,0.02,0.55,3.45,5.19,214,6.4,207,60,108,84,7.9,41,32,7.1
EYS24_29,K,77.00,0.09,12.37,1.40,0.02,0.03,0.56,3.20,5.34,222,7.0,219,65,129,86,7.4,43,30,7.8
EYS24_32,K,77.28,0.08,12.03,1.45,0.02,0.03,0.56,3.42,5.13,221,7.2,204,60,125,85,8.2,41,31,6.9
EYS24_32_2,K,77.10,0.09,12.26,1.49,0.02,0.03,0.57,3.31,5.12,222,7.0,210,61,130,83,8.2,40,32,7.3
EYS24_34,K,76.99,0.08,12.16,1.37,0.02,0.02,0.58,3.51,5.26,223,6.0,215,61,129,83,8.8,39,32,7.7
EYS24_35,K,76.99,0.09,12.21,1.34,0.02,0.03,0.58,3.59,5.15,218,6.2,209,65,123,85,9.2,41,33,7.6
EYS24_36,K,77.04,0.09,12.38,1.41,0.02,0.03,0.55,3.34,5.14,219,8.0,213,61,126,86,8.8,41,31,7.4
EYS24_39,K,77.09,0.09,12.20,1.35,0.02,0.03,0.56,3.45,5.20,222,6.9,210,60,118,86,8.1,42,31,8.1
EYS24_4,K,77.21,0.09,12.00,1.39,0.02,0.03,0.56,3.59,5.12,226,14.6,209,59,139,80,8.1,43,31,6.7
EYS24_41,K,77.48,0.09,12.05,1.43,0.02,0.03,0.56,3.12,5.23,224,7.2,196,60,125,80,7.0,39,29,8.2
EYS24_44,K,77.06,0.08,12.39,1.40,0.02,0.03,0.57,3.20,5.24,224,6.9,207,61,123,83,9.0,41,34,7.9
EYS24_45,K,76.45,0.08,12.48,1.52,0.02,0.03,0.56,3.48,5.37,226,7.4,210,60,122,86,7.8,44,32,8.3
EYS24_45_2,K,76.88,0.09,12.40,1.43,0.02,0.03,0.58,3.41,5.17,220,6.4,216,65,131,83,6.6,43,30,8.1
EYS24_46,K,76.78,0.08,12.32,1.43,0.02,0.03,0.58,3.48,5.27,225,6.8,213,64,135,82,8.6,40,31,8.2
EYS24_46_2,K,77.08,0.09,12.20,1.35,0.02,0.03,0.58,3.43,5.22,226,6.4,215,64,132,88,8.7,46,29,8.2
EYS24_5,K,76.83,0.09,12.27,1.35,0.02,0.03,0.56,3.69,5.17,219,6.3,204,58,117,78,7.3,42,29,7.2
EYS24_5_2,K,76.60,0.09,12.40,1.39,0.02,0.03,0.54,3.54,5.40,219,6.4,195,58,116,78,7.5,41,29,8.3
EYS24_52,K,76.99,0.09,12.40,1.45,0.02,0.03,0.54,3.33,5.16,221,6.7,208,62,121,86,8.3,43,32,7.8
EYS24_57,K,76.98,0.09,12.28,1.43,0.02,0.03,0.56,3.43,5.19,225,7.4,211,61,126,86,9.6,43,32,7.8
EYS24_58,K,77.04,0.09,12.37,1.40,0.02,0.03,0.52,3.61,4.92,222,6.8,214,60,130,88,9.4,43,33,7.6
EYS24_63,K,77.35,0.09,12.14,1.49,0.02,0.03,0.61,3.23,5.05,221,6.8,221,60,137,81,8.3,42,30,7.8
EYS24_67,K,76.96,0.08,12.38,1.40,0.02,0.03,0.55,3.56,5.02,215,6.1,207,62,116,85,9.3,43,28,8.2
EYS24_68,K,77.04,0.08,12.41,1.45,0.02,0.03,0.56,3.33,5.08,215,5.7,209,60,127,85,9.5,43,31,7.6
EYS24_68_2,K,77.18,0.09,12.34,1.44,0.02,0.03,0.52,3.33,5.06,222,7.8,213,61,125,85,7.6,44,30,6.6
EYS24_7,K,77.12,0.08,12.11,1.44,0.02,0.03,0.54,3.54,5.11,217,5.9,197,58,114,79,7.5,41,30,7.7
EYS24_7_2,K,77.22,0.09,12.09,1.43,0.02,0.03,0.54,3.37,5.21,219,7.6,202,59,108,83,8.3,41,30,7.7
EYS24_70,K,76.72,0.09,12.30,1.43,0.02,0.03,0.56,3.50,5.35,224,6.5,218,59,136,86,9.5,40,29,7.8
EYS24_70_2,K,77.14,0.09,12.33,1.45,0.02,0.03,0.55,3.35,5.04,218,5.3,202,60,118,80,9.7,41,31,7.2
EYS24_71,K,77.26,0.08,11.99,1.34,0.02,0.03,0.55,3.60,5.12,222,5.8,208,58,122,82,7.6,43,29,7.8
EYS24_72,K,76.90,0.09,12.19,1.45,0.02,0.03,0.55,3.39,5.38,230,7.1,221,61,120,89,7.5,42,33,7.8
EYS18_1,L,77.33,0.09,12.36,1.36,0.02,0.03,0.57,3.24,5.01,216,6.3,215,60,125,86,9.0,39,36,7.6
EYS18_10,L,77.41,0.09,12.24,1.43,0.02,0.03,0.57,3.20,5.02,231,18.1,244,66,134,93,7.3,43,30,8.7
EYS18_10_2,L,77.28,0.09,12.11,1.45,0.02,0.03,0.58,3.30,5.15,222,6.0,229,64,136,92,9.0,40,35,7.8
EYS18_11,L,77.04,0.09,12.58,1.36,0.02,0.03,0.53,3.09,5.27,224,7.5,234,63,130,93,9.8,40,32,7.4
EYS18_11_2,L,76.62,0.09,12.57,1.39,0.02,0.03,0.57,3.38,5.34,216,7.2,223,60,128,89,9.5,37,35,7.8
EYS18_12,L,77.35,0.09,12.01,1.43,0.02,0.03,0.56,3.30,5.20,217,5.8,234,64,135,91,8.7,42,33,8.3
EYS18_12_2,L,77.25,0.09,12.06,1.35,0.02,0.03,0.50,3.54,5.15,226,7.7,232,62,124,93,7.8,37,32,6.8
EYS18_13,L,77.30,0.09,12.36,1.36,0.02,0.03,0.58,3.15,5.10,222,7.9,228,61,139,91,8.2,42,33,7.6
EYS18_14,L,77.15,0.08,12.27,1.43,0.02,0.03,0.55,3.27,5.18,224,6.5,228,62,129,93,7.6,42,33,7.4
EYS18_14_2,L,76.98,0.09,12.35,1.41,0.02,0.03,0.55,3.48,5.09,219,6.7,225,61,119,88,6.9,39,33,7.9
EYS18_15,L,76.65,0.09,12.35,1.45,0.02,0.03,0.56,3.57,5.28,212,6.9,222,61,126,89,8.3,37,33,7.2
EYS18_16,L,76.85,0.09,12.49,1.33,0.02,0.03,0.55,3.53,5.11,218,7.6,229,61,131,91,8.1,36,32,7.4
EYS18_17,L,77.16,0.09,12.02,1.41,0.02,0.03,0.52,3.46,5.28,213,6.0,223,62,122,87,7.4,38,32,7.1
EYS18_18,L,77.08,0.09,12.41,1.47,0.02,0.03,0.57,3.26,5.07,211,6.2,210,60,113,89,8.3,38,29,6.9
EYS18_19,L,77.13,0.08,12.49,1.39,0.02,0.03,0.53,3.22,5.12,220,6.3,239,66,120,93,9.0,45,33,8.2
EYS18_2,L,77.02,0.09,12.48,1.37,0.02,0.03,0.55,3.42,5.03,212,7.0,207,57,120,84,10.4,41,34,7.1
EYS18_2_2,L,77.09,0.09,12.44,1.42,0.03,0.03,0.52,3.19,5.20,214,6.2,217,59,123,81,9.3,37,32,7.5
EYS18_20,L,77.29,0.09,12.20,1.34,0.02,0.03,0.53,3.19,5.32,221,7.1,238,61,129,92,9.2,40,33,7.5
EYS18_21,L,77.23,0.09,12.42,1.32,0.02,0.03,0.54,3.33,5.02,186,7.2,240,68,111,85,8.7,32,33,8.3
EYS18_22,L,77.01,0.08,12.15,1.40,0.02,0.02,0.54,3.52,5.26,216,7.0,230,62,117,88,10.2,44,33,7.9
EYS18_23,L,77.16,0.08,12.23,1.40,0.02,0.02,0.53,3.43,5.12,214,6.4,220,60,126,83,7.6,43,31,7.5
EYS18_28,L,77.16,0.09,12.28,1.39,0.02,0.03,0.54,3.34,5.14,222,7.7,237,66,118,89,8.2,40,33,8.0
EYS18_3,L,77.36,0.09,12.32,1.35,0.02,0.03,0.57,3.08,5.18,203,6.9,207,57,126,86,8.0,42,33,8.0
EYS18_3_2,L,77.25,0.09,12.14,1.39,0.02,0.03,0.57,3.28,5.22,205,6.6,200,62,123,82,8.3,36,30,8.0
EYS18_4,L,77.58,0.09,12.05,1.40,0.02,0.03,0.54,3.16,5.12,200,5.8,202,54,119,83,8.7,42,36,8.5
EYS18_6,L,77.36,0.09,12.28,1.35,0.02,0.03,0.55,3.24,5.09,204,6.2,196,55,113,83,8.0,41,31,7.9
EYS18_7,L,77.04,0.08,12.28,1.41,0.03,0.03,0.54,3.37,5.22,200,6.0,203,54,107,82,8.3,42,32,7.6
EYS18_8,L,76.98,0.09,12.39,1.42,0.02,0.03,0.56,3.39,5.12,206,7.1,206,55,118,84,10.0,45,37,8.9
EYS18_8_2,L,76.53,0.09,12.61,1.43,0.02,0.03,0.60,3.36,5.34,224,6.7,235,65,124,93,8.6,41,36,7.9
EYS18_9,L,77.22,0.09,12.05,1.33,0.02,0.03,0.57,3.40,5.28,223,7.8,218,65,120,91,9.4,39,32,8.1
EYS72_61,M,77.11,0.00,12.17,1.34,0.00,0.00,0.55,3.54,5.28,223,5.3,219,60,124,83,8.5,39,31,7.9
EYS72_62,M,76.86,0.00,12.40,1.44,0.00,0.00,0.56,3.46,5.27,226,6.4,220,63,123,83,8.2,40,32,8.1
EYS72_62_2,M,77.06,0.00,12.33,1.43,0.00,0.00,0.54,3.41,5.23,226,7.0,225,64,130,91,8.0,41,34,8.3
EYS72_64,M,77.23,0.00,12.23,1.37,0.00,0.00,0.54,3.62,5.02,219,6.2,224,62,124,84,9.1,42,32,7.6
EYS72_66,M,76.94,0.00,12.36,1.45,0.00,0.00,0.52,3.58,5.15,225,6.2,218,62,117,86,8.0,41,32,7.6
EYS72_67,M,76.88,0.00,12.31,1.40,0.00,0.00,0.53,3.59,5.28,225,6.8,221,61,121,85,8.4,39,32,7.8
EYS72_69,M,76.90,0.00,12.41,1.43,0.00,0.00,0.52,3.56,5.18,230,6.6,234,67,121,89,8.0,43,34,7.3
EYS72_70,M,77.18,0.00,12.35,1.37,0.00,0.00,0.58,3.44,5.07,222,6.4,210,61,126,83,8.1,40,30,7.2
EYS72_71_2,M,77.51,0.00,12.20,1.38,0.00,0.00,0.56,3.28,5.08,222,6.3,231,64,142,92,8.9,44,33,7.6
EYS72_72,M,76.78,0.00,12.52,1.37,0.00,0.00,0.57,3.41,5.35,225,7.2,220,61,129,86,9.0,40,32,8.0
EYS72_74,M,77.43,0.00,12.27,1.34,0.00,0.00,0.55,3.38,5.04,225,7.3,217,62,119,85,8.7,41,31,8.0
EYS72_77,M,77.23,0.00,12.31,1.34,0.00,0.00,0.46,3.40,5.26,220,8.3,211,61,125,86,7.6,45,30,8.8
EYS72_78,M,77.06,0.00,12.33,1.36,0.00,0.00,0.54,3.54,5.18,219,6.0,209,60,113,81,7.4,41,31,8.3
EYS72_79,M,76.71,0.00,12.62,1.34,0.00,0.00,0.53,3.54,5.26,225,6.2,218,61,116,85,8.2,41,31,7.6
EYS72_82,M,77.39,0.00,12.43,1.34,0.00,0.00,0.52,3.26,5.07,226,7.0,207,62,131,87,10.6,39,32,7.2
EYS72_83,M,76.74,0.00,12.58,1.41,0.00,0.00,0.54,3.70,5.03,222,6.3,205,62,127,83,7.7,40,29,7.5
EYS72_83_2,M,77.28,0.00,12.06,1.42,0.00,0.00,0.53,3.63,5.09,223,8.4,220,61,135,90,10.4,41,32,7.6
EYS72_85,M,76.78,0.00,12.28,1.47,0.00,0.00,0.56,3.58,5.33,226,6.9,215,61,125,86,8.3,41,31,7.9
EYS72_89,M,77.18,0.00,12.42,1.37,0.00,0.00,0.54,3.16,5.33,224,6.7,217,61,124,82,9.8,41,30,7.4
EYS72_90,M,76.85,0.00,12.52,1.40,0.00,0.00,0.57,3.40,5.25,225,6.6,218,63,141,87,8.6,40,29,7.7
EYS72_91,M,76.94,0.00,12.14,1.37,0.00,0.00,0.53,3.65,5.37,224,6.4,213,61,133,87,7.9,42,33,8.0
EYS20_1,N,77.16,0.08,12.24,1.33,0.02,0.03,0.53,3.59,5.02,235,6.0,232,63,123,88,8.8,42,31,7.8
EYS20_10,N,77.30,0.08,12.25,1.37,0.02,0.03,0.56,3.28,5.11,212,7.1,222,56,127,89,8.6,39,34,7.2
EYS20_11,N,77.44,0.08,12.14,1.33,0.02,0.03,0.56,3.40,5.01,207,6.3,211,60,114,85,9.5,41,36,8.3
EYS20_12,N,76.76,0.08,12.38,1.49,0.02,0.03,0.57,3.34,5.33,200,5.9,196,55,115,83,8.8,41,33,7.8
EYS20_12_2,N,77.04,0.09,12.53,1.31,0.02,0.02,0.54,3.47,4.98,225,8.6,217,61,134,84,9.4,43,32,7.8
EYS20_15,N,76.92,0.09,12.60,1.44,0.02,0.03,0.57,3.33,4.99,204,7.3,200,54,120,77,8.5,40,34,7.1
EYS20_17,N,77.18,0.08,12.28,1.37,0.02,0.03,0.53,3.35,5.15,228,8.2,234,64,130,95,8.6,42,35,8.4
EYS20_17_2,N,77.25,0.09,12.19,1.45,0.02,0.03,0.53,3.39,5.05,229,7.2,230,63,129,97,11.3,41,36,7.8
EYS20_18,N,77.50,0.09,12.17,1.38,0.02,0.03,0.57,3.28,4.97,228,6.8,246,66,121,97,10.9,42,36,8.6
EYS20_18_2,N,76.43,0.09,12.57,1.46,0.02,0.02,0.57,3.50,5.35,227,7.2,230,65,131,89,8.9,43,34,7.5
EYS20_19,N,77.03,0.09,12.48,1.48,0.02,0.03,0.55,3.28,5.05,221,7.1,233,63,124,92,9.6,41,35,8.0
EYS20_19_2,N,77.45,0.09,12.05,1.43,0.02,0.03,0.58,3.34,5.01,232,8.3,225,66,124,92,10.2,42,35,8.1
EYS20_2,N,76.59,0.09,12.36,1.42,0.02,0.03,0.55,3.60,5.35,229,6.4,227,63,125,85,9.1,38,30,8.3
EYS20_20,N,76.72,0.09,12.48,1.32,0.02,0.03,0.56,3.68,5.10,223,7.5,232,62,136,93,8.1,38,34,7.9
EYS20_21,N,76.86,0.09,12.35,1.41,0.02,0.03,0.51,3.47,5.26,217,6.7,226,65,125,89,6.7,37,31,7.5
EYS20_22_2,N,77.07,0.08,12.32,1.40,0.02,0.03,0.59,3.41,5.08,227,6.4,221,65,129,93,9.2,41,35,8.0
EYS20_25,N,77.63,0.09,12.13,1.34,0.02,0.03,0.55,3.23,4.98,227,6.4,236,62,127,93,8.4,39,34,7.1
EYS20_26,N,77.14,0.09,12.42,1.35,0.02,0.03,0.55,3.32,5.09,221,7.4,229,62,131,85,7.6,40,32,7.3
EYS20_26_2,N,77.20,0.09,12.33,1.39,0.02,0.03,0.57,3.26,5.11,225,7.8,222,66,130,90,7.9,41,34,7.6
EYS20_28,N,77.06,0.09,12.43,1.30,0.02,0.03,0.52,3.46,5.10,212,6.5,222,63,118,89,7.9,37,32,7.4
EYS20_29,N,77.22,0.09,12.11,1.39,0.02,0.03,0.53,3.43,5.19,217,7.8,227,64,123,92,7.7,39,31,7.5
EYS20_3,N,76.92,0.09,12.39,1.40,0.02,0.03,0.55,3.53,5.08,229,8.7,229,63,120,84,7.8,38,34,7.2
EYS20_30,N,76.69,0.09,12.41,1.32,0.02,0.03,0.56,3.62,5.25,214,6.9,234,64,130,94,8.2,38,32,7.0
EYS20_30_2,N,77.21,0.09,12.15,1.31,0.02,0.03,0.53,3.57,5.09,229,6.7,228,65,124,98,8.8,41,36,7.8
EYS20_31,N,77.11,0.08,12.24,1.34,0.02,0.03,0.52,3.43,5.22,216,7.5,227,63,120,90,8.4,40,31,7.5
EYS20_32,N,77.79,0.08,12.13,1.31,0.02,0.03,0.53,3.26,4.85,213,7.3,231,59,130,92,9.4,38,31,7.3
EYS20_32_2,N,77.45,0.09,11.92,1.34,0.02,0.03,0.55,3.62,4.98,231,7.8,224,61,130,88,8.5,41,34,7.5
EYS20_34,N,77.55,0.08,12.05,1.40,0.02,0.03,0.54,3.17,5.15,209,7.1,217,58,115,87,8.9,36,32,7.5
EYS20_35,N,76.93,0.08,12.34,1.34,0.02,0.03,0.53,3.65,5.07,219,7.4,237,63,113,92,8.7,44,34,9.0
EYS20_37,N,77.69,0.09,12.15,1.29,0.02,0.03,0.53,3.14,5.06,223,6.7,229,64,116,89,8.4,44,33,7.8
EYS20_38,N,77.23,0.09,12.34,1.31,0.02,0.03,0.53,3.37,5.07,221,7.4,232,64,127,88,9.6,41,34,8.1
EYS20_40,N,77.19,0.09,12.53,1.37,0.02,0.03,0.55,3.27,4.96,217,6.3,219,59,111,86,8.6,39,31,7.6
EYS20_41,N,77.14,0.09,12.30,1.35,0.02,0.03,0.56,3.60,4.92,220,5.8,235,63,135,90,8.2,40,32,7.3
EYS20_41_2,N,77.21,0.08,12.25,1.40,0.02,0.03,0.52,3.44,5.04,220,6.6,216,61,122,88,9.4,44,32,7.4
EYS20_48,N,76.96,0.08,12.32,1.39,0.02,0.03,0.56,3.46,5.17,225,7.3,234,64,111,88,8.1,38,29,6.8
EYS20_5,N,77.13,0.09,12.39,1.44,0.02,0.03,0.53,3.28,5.08,223,5.9,227,62,120,85,8.7,39,31,7.4
EYS20_5_2,N,77.24,0.08,12.31,1.41,0.02,0.03,0.55,3.32,5.04,228,7.5,224,63,133,95,9.5,43,34,7.9
EYS20_51,N,76.93,0.09,12.48,1.40,0.02,0.03,0.54,3.48,5.03,222,6.3,224,64,109,79,10.5,36,33,7.3
EYS20_51_2,N,76.96,0.08,12.33,1.35,0.02,0.03,0.51,3.64,5.08,213,6.7,216,59,123,81,8.5,38,30,7.3
EYS20_52_2,N,77.26,0.09,12.04,1.39,0.02,0.03,0.55,3.62,5.00,224,6.3,231,64,128,96,10.0,39,36,7.6
EYS20_6,N,77.13,0.08,12.17,1.50,0.02,0.03,0.53,3.35,5.18,222,6.7,225,64,127,89,8.1,36,31,7.1
EYS20_6_2,N,77.25,0.08,12.26,1.39,0.02,0.03,0.55,3.41,5.01,224,6.3,215,62,121,90,7.9,38,34,7.8
EYS20_61,N,77.20,0.09,12.38,1.37,0.02,0.03,0.52,3.35,5.04,225,6.4,218,63,117,87,10.2,43,33,7.6
EYS20_61_2,N,77.30,0.09,12.32,1.34,0.02,0.03,0.56,3.35,4.99,227,7.1,219,62,123,88,8.9,41,35,8.2
EYS20_63,N,76.90,0.09,12.30,1.37,0.02,0.03,0.53,3.61,5.15,221,6.7,218,60,125,88,8.1,42,33,7.6
EYS20_63_2,N,77.09,0.08,12.33,1.37,0.02,0.03,0.55,3.44,5.10,219,7.4,221,64,122,91,8.2,41,33,7.8
EYS20_66,N,76.96,0.09,12.33,1.43,0.02,0.03,0.57,3.47,5.11,211,6.1,217,63,127,84,7.5,42,32,7.7
EYS20_66_2,N,76.97,0.09,12.28,1.34,0.02,0.03,0.54,3.55,5.17,224,5.8,222,62,127,89,7.1,40,32,7.2
EYS20_68,N,77.16,0.09,12.29,1.40,0.02,0.03,0.58,3.29,5.14,221,8.2,202,60,129,89,7.3,39,31,7.6
EYS20_7,N,77.00,0.09,12.40,1.40,0.02,0.03,0.60,3.37,5.11,215,5.6,217,59,114,85,9.1,40,33,7.5
EYS20_71,N,76.63,0.08,12.54,1.37,0.02,0.03,0.53,3.57,5.22,218,5.7,225,62,122,87,7.6,38,28,7.0
EYS20_71_2,N,76.98,0.08,12.37,1.44,0.02,0.03,0.52,3.41,5.14,212,7.4,227,61,120,93,8.0,40,34,7.7
EYS20_74,N,77.09,0.09,12.12,1.32,0.02,0.03,0.55,3.68,5.11,223,5.9,214,64,121,89,8.1,42,31,8.0
EYS20_75,N,76.83,0.09,12.49,1.41,0.02,0.03,0.55,3.63,4.96,221,7.0,216,64,136,88,8.8,43,35,8.2
EYS20_75_2,N,76.97,0.09,12.36,1.42,0.02,0.03,0.54,3.51,5.07,218,6.6,223,62,127,90,8.7,42,35,7.5
EYS20_8,N,77.38,0.08,12.17,1.32,0.02,0.03,0.54,3.38,5.08,215,7.4,215,61,130,88,8.7,38,33,8.3
EYS20_87,N,77.67,0.09,12.09,1.41,0.02,0.03,0.52,3.16,5.01,221,6.5,217,65,126,84,6.8,37,28,6.6
EYS20_9,N,76.92,0.08,12.39,1.38,0.02,0.03,0.55,3.43,5.20,213,6.2,211,59,115,86,8.6,40,33,7.5
EYS20_9_2,N,77.10,0.09,12.38,1.34,0.02,0.03,0.56,3.38,5.10,217,5.1,224,62,127,87,8.5,41,32,7.6
EYS22_1,O,76.81,0.09,12.63,1.43,0.02,0.03,0.55,3.43,5.01,225,6.5,206,60,115,82,6.8,40,31,7.2
EYS22_10,O,76.68,0.08,12.45,1.36,0.02,0.03,0.56,3.66,5.16,218,5.8,216,61,113,88,7.9,42,31,7.6
EYS22_11,O,77.19,0.08,12.28,1.41,0.02,0.03,0.55,3.43,5.02,221,8.1,228,65,134,94,8.2,41,33,7.7
EYS22_12,O,77.27,0.09,12.27,1.36,0.02,0.03,0.55,3.24,5.18,223,6.7,207,63,119,81,11.0,42,34,8.4
EYS22_13,O,77.15,0.09,12.31,1.43,0.02,0.03,0.55,3.35,5.08,217,6.2,209,61,108,84,7.8,43,31,8.2
EYS22_17,O,77.35,0.08,12.34,1.42,0.02,0.03,0.56,3.19,5.01,222,6.2,215,61,123,83,8.9,42,30,8.2
EYS22_18,O,77.16,0.08,12.35,1.41,0.02,0.03,0.54,3.19,5.21,226,7.0,214,60,124,85,8.4,42,33,8.1
EYS22_19,O,77.23,0.09,12.34,1.39,0.02,0.03,0.56,3.27,5.07,235,7.6,227,63,134,93,8.8,42,33,8.4
EYS22_2,O,77.06,0.09,12.49,1.38,0.02,0.03,0.52,3.38,5.03,225,5.8,201,63,111,80,7.9,40,29,7.3
EYS22_20,O,77.21,0.08,12.51,1.38,0.02,0.03,0.55,3.19,5.02,225,6.2,209,62,121,80,8.2,42,32,8.3
EYS22_21,O,77.29,0.09,12.46,1.26,0.02,0.03,0.51,3.25,5.09,219,6.5,204,62,119,83,9.0,38,29,9.3
EYS22_22,O,77.16,0.09,12.37,1.41,0.02,0.03,0.53,3.28,5.11,223,6.7,229,61,120,91,8.5,43,31,7.2
EYS22_22_2,O,77.00,0.09,12.56,1.36,0.02,0.03,0.55,3.28,5.12,221,6.9,216,60,114,86,8.7,41,32,8.7
EYS22_23,O,77.04,0.09,12.18,1.44,0.02,0.03,0.56,3.58,5.06,221,6.6,209,61,135,86,7.5,40,30,7.5
EYS22_26,O,76.71,0.08,12.43,1.45,0.02,0.03,0.55,3.56,5.17,219,6.5,199,58,106,79,7.6,41,32,7.8
EYS22_27,O,76.90,0.08,12.56,1.30,0.02,0.03,0.55,3.45,5.12,216,6.2,211,60,118,86,9.1,40,32,7.4
EYS22_29,O,77.09,0.09,12.30,1.42,0.02,0.03,0.55,3.29,5.20,222,7.0,220,60,132,88,7.8,42,30,7.9
EYS22_29_2,O,77.32,0.09,12.35,1.36,0.02,0.03,0.53,3.30,5.01,227,5.7,211,62,129,86,8.8,40,33,7.9
EYS22_3,O,76.93,0.08,12.34,1.41,0.02,0.03,0.56,3.50,5.13,216,6.8,210,61,121,89,9.9,41,30,7.4
EYS22_30,O,77.07,0.09,12.38,1.42,0.02,0.03,0.54,3.33,5.11,219,6.4,216,62,118,88,9.6,41,31,7.6
EYS22_31,O,77.13,0.09,12.28,1.44,0.02,0.02,0.56,3.44,5.02,225,6.7,215,60,120,87,9.4,39,33,9.1
EYS22_33,O,77.08,0.09,12.60,1.46,0.02,0.03,0.50,3.16,5.07,219,7.8,215,61,130,88,9.4,43,34,8.4
EYS22_34,O,77.10,0.09,12.53,1.31,0.02,0.03,0.59,3.48,4.85,220,6.8,212,62,119,83,9.3,41,30,8.4
EYS22_35,O,76.85,0.09,12.52,1.31,0.02,0.02,0.53,3.45,5.21,218,6.2,219,60,121,88,7.9,41,33,7.7
EYS22_38,O,77.46,0.09,11.89,1.30,0.02,0.03,0.54,3.60,5.06,217,6.2,214,60,112,84,8.4,41,30,7.4
EYS22_4,O,76.67,0.08,12.84,1.47,0.02,0.03,0.55,3.22,5.12,213,6.1,215,59,122,84,8.3,40,32,8.2
EYS22_42,O,76.99,0.08,12.62,1.37,0.02,0.03,0.54,3.38,4.97,225,6.3,220,62,129,85,7.4,41,30,7.3
EYS22_43,O,76.75,0.08,12.57,1.35,0.02,0.03,0.55,3.51,5.13,220,5.7,218,60,108,87,8.5,42,30,7.9
EYS22_49,O,77.29,0.08,12.32,1.47,0.02,0.03,0.56,3.29,4.95,221,6.8,216,61,116,88,7.5,44,31,7.4
EYS22_5,O,76.88,0.09,12.53,1.44,0.02,0.02,0.55,3.38,5.09,218,6.6,216,60,122,85,9.5,45,32,7.7
EYS22_51,O,76.99,0.08,12.40,1.41,0.02,0.03,0.54,3.44,5.10,230,6.4,227,64,131,93,8.3,40,30,7.5
EYS22_53,O,77.05,0.08,12.30,1.46,0.02,0.03,0.55,3.34,5.16,218,6.0,221,62,122,87,8.9,41,30,7.6
EYS22_53_2,O,77.02,0.09,12.38,1.40,0.02,0.03,0.56,3.26,5.24,215,6.4,208,60,109,83,8.1,42,33,7.4
EYS22_55,O,77.04,0.09,12.47,1.37,0.02,0.03,0.57,3.29,5.12,222,7.3,220,61,125,86,7.2,42,29,7.5
EYS22_56,O,77.38,0.09,12.42,1.41,0.02,0.03,0.55,3.13,4.98,217,6.6,208,62,112,80,6.7,40,28,7.6
EYS22_58,O,77.08,0.09,12.38,1.42,0.02,0.03,0.54,3.28,5.15,210,6.5,192,58,113,77,7.2,41,28,7.1
EYS22_6,O,77.10,0.09,12.39,1.39,0.02,0.03,0.53,3.28,5.17,220,6.3,218,65,114,87,8.4,41,32,7.2
EYS22_6_2,O,77.02,0.09,12.28,1.46,0.02,0.03,0.51,3.57,5.03,220,6.1,212,59,112,89,8.4,42,32,7.9
EYS22_61,O,77.34,0.09,12.22,1.36,0.02,0.03,0.57,3.29,5.07,219,6.3,208,61,115,83,9.6,41,32,7.9
EYS22_62,O,77.38,0.08,12.29,1.28,0.02,0.03,0.52,3.36,5.04,223,6.0,211,61,107,84,,,,
EYS22_66,O,77.07,0.09,12.23,1.39,0.02,0.03,0.54,3.47,5.16,222,6.7,205,59,110,79,8.0,41,31,7.9
EYS22_66_2,O,77.31,0.09,12.20,1.37,0.02,0.03,0.54,3.27,5.17,225,5.7,207,59,126,83,6.6,41,28,7.1
EYS22_7,O,77.51,0.09,12.27,1.38,0.02,0.03,0.52,3.27,4.90,225,6.2,218,61,113,88,8.3,41,32,7.5
EYS22_8,O,77.19,0.08,12.19,1.40,0.02,0.03,0.55,3.58,4.96,223,6.9,220,64,128,87,7.9,44,31,8.0
EYS23_1,P,77.15,0.09,12.09,1.42,0.02,0.03,0.60,3.37,5.24,223,7.2,228,62,120,89,9.2,40,35,7.5
EYS23_10,P,76.97,0.08,12.32,1.47,0.02,0.03,0.58,3.35,5.18,224,6.9,245,65,124,94,7.8,40,30,7.7
EYS23_11,P,76.78,0.09,12.20,1.51,0.02,0.03,0.59,3.41,5.37,223,6.9,238,67,112,90,8.8,39,32,6.5
EYS23_11_2,P,77.31,0.08,12.23,1.38,0.02,0.03,0.57,3.40,4.97,217,6.9,233,62,115,89,8.8,40,33,7.8
EYS23_14,P,77.21,0.09,12.26,1.44,0.02,0.03,0.54,3.36,5.07,227,6.2,237,68,124,96,10.0,39,36,8.5
EYS23_15,P,77.33,0.09,12.30,1.43,0.02,0.03,0.55,3.24,5.02,230,5.6,231,64,114,88,7.4,38,32,7.1
EYS23_18,P,77.23,0.08,12.18,1.38,0.02,0.03,0.51,3.51,5.06,225,8.0,229,63,113,88,9.5,42,31,7.2
EYS23_18_2,P,77.21,0.09,12.24,1.28,0.02,0.03,0.56,3.66,4.90,214,6.9,217,63,124,93,7.9,40,34,7.4
EYS23_19,P,77.06,0.08,12.26,1.44,0.02,0.03,0.55,3.46,5.10,216,6.6,215,61,121,86,8.2,42,32,6.9
EYS23_19_2,P,77.02,0.09,12.22,1.40,0.02,0.03,0.57,3.49,5.16,220,7.1,224,61,130,89,8.9,39,32,7.7
EYS23_22,P,77.05,0.08,12.18,1.32,0.02,0.02,0.57,3.64,5.11,213,6.2,214,58,116,85,8.1,38,33,7.5
EYS23_23,P,77.21,0.09,12.08,1.33,0.02,0.03,0.56,3.47,5.21,214,6.2,218,60,118,92,9.8,43,38,8.1
EYS23_25,P,77.66,0.08,12.10,1.27,0.02,0.03,0.58,3.28,4.98,197,6.5,199,55,115,83,8.6,43,32,7.7
EYS23_26,P,77.01,0.08,12.30,1.42,0.02,0.03,0.56,3.39,5.19,194,7.1,199,54,114,82,9.1,40,35,7.5
EYS23_28,P,76.94,0.09,12.50,1.38,0.02,0.03,0.56,3.50,4.98,201,7.3,199,57,114,82,10.3,43,32,7.7
EYS23_3,P,77.13,0.08,12.54,1.34,0.02,0.03,0.57,3.21,5.08,237,6.4,241,71,135,92,7.9,38,33,6.9
EYS23_3_2,P,77.30,0.08,12.06,1.41,0.02,0.03,0.55,3.45,5.11,224,6.9,238,65,124,90,8.9,42,34,7.5
EYS23_30,P,77.05,0.09,12.19,1.41,0.02,0.03,0.55,3.50,5.17,218,7.4,241,61,135,96,9.9,43,34,7.5
EYS23_31,P,77.55,0.09,12.29,1.36,0.02,0.03,0.54,3.16,4.97,216,7.8,232,64,124,95,8.5,39,33,7.8
EYS23_33,P,76.45,0.08,12.39,1.52,0.02,0.03,0.58,3.52,5.40,215,6.2,231,63,118,91,9.1,41,36,8.8
EYS23_34,P,77.07,0.09,12.32,1.33,0.02,0.03,0.58,3.48,5.07,215,8.1,232,62,128,90,8.1,38,32,7.3
EYS23_34_2,P,77.34,0.08,12.17,1.36,0.02,0.03,0.55,3.42,5.02,218,7.4,219,65,131,86,8.1,43,34,7.9
EYS23_37,P,76.57,0.09,12.59,1.39,0.02,0.03,0.55,3.49,5.27,214,6.2,227,63,124,92,10.0,39,33,7.3
EYS23_37_2,P,77.28,0.09,12.29,1.43,0.02,0.03,0.57,3.18,5.10,216,6.8,228,61,124,92,9.9,42,32,7.4
EYS23_4,P,77.11,0.08,12.19,1.36,0.02,0.03,0.57,3.45,5.19,224,7.5,241,67,126,94,9.8,41,30,7.5
EYS23_4_2,P,76.86,0.08,12.51,1.38,0.02,0.03,0.59,3.28,5.25,227,8.4,228,63,124,93,8.0,38,35,7.8
EYS23_40,P,77.27,0.09,11.99,1.30,0.02,0.03,0.55,3.49,5.26,212,6.0,227,63,118,90,8.0,40,31,7.0
EYS23_41,P,76.71,0.08,12.32,1.45,0.02,0.03,0.55,3.71,5.13,211,8.0,219,60,106,85,7.8,38,34,7.6
EYS23_44,P,77.34,0.08,12.20,1.35,0.02,0.03,0.56,3.50,4.91,209,6.1,225,60,114,88,7.9,38,30,7.0
EYS23_44_2,P,77.29,0.09,12.27,1.36,0.02,0.03,0.55,3.37,5.02,223,6.4,238,61,133,93,10.3,40,33,7.6
EYS23_45,P,77.70,0.08,11.79,1.44,0.02,0.03,0.54,3.36,5.04,221,6.6,244,66,118,95,8.6,42,33,7.9
EYS23_48,P,76.87,0.08,12.40,1.39,0.02,0.03,0.53,3.59,5.10,219,7.0,220,62,130,87,8.5,39,31,7.3
EYS23_48_2,P,76.91,0.08,12.40,1.47,0.02,0.03,0.58,3.40,5.12,218,7.0,242,64,144,95,9.8,41,37,8.4
EYS23_53,P,77.06,0.09,12.04,1.40,0.02,0.03,0.59,3.74,5.03,218,7.6,219,61,124,87,8.7,43,36,8.0
EYS23_56,P,76.75,0.09,12.36,1.40,0.02,0.03,0.54,3.55,5.25,212,6.5,237,64,118,90,8.3,40,32,7.2
EYS23_6,P,77.00,0.08,12.41,1.39,0.02,0.03,0.57,3.32,5.18,227,7.8,242,66,143,94,8.3,39,32,7.4
EYS23_62,P,77.36,0.09,11.93,1.41,0.02,0.03,0.57,3.53,5.06,208,6.5,224,58,120,84,8.6,40,32,6.9
EYS23_62_2,P,77.18,0.09,12.01,1.41,0.02,0.03,0.58,3.41,5.27,218,6.3,224,61,119,92,10.2,38,32,7.6
EYS23_63_2,P,77.31,0.08,12.08,1.34,0.02,0.03,0.56,3.55,5.02,225,6.3,226,65,133,92,7.6,43,29,7.9
EYS23_66,P,77.22,0.08,12.35,1.42,0.02,0.03,0.55,3.27,5.06,220,8.0,219,65,129,90,10.2,42,32,8.0
EYS23_66_2,P,76.81,0.08,12.41,1.45,0.02,0.03,0.56,3.45,5.19,209,6.5,235,65,125,91,8.3,37,37,7.0
EYS23_67,P,77.28,0.09,12.19,1.31,0.02,0.03,0.57,3.42,5.09,222,6.5,230,65,131,93,8.0,46,32,7.9
EYS23_71,P,77.58,0.08,12.02,1.43,0.02,0.03,0.55,3.25,5.05,217,5.8,225,63,109,87,8.6,40,31,7.7
EYS23_71_2,P,77.35,0.09,12.04,1.40,0.02,0.03,0.59,3.48,5.02,219,5.9,233,63,111,92,7.6,42,32,8.3
EYS23_9,P,76.87,0.09,12.26,1.30,0.02,0.03,0.56,3.69,5.18,229,6.8,243,69,132,95,8.4,41,36,7.6
EYS23_9_2,P,76.89,0.09,12.26,1.38,0.02,0.03,0.58,3.68,5.05,214,6.3,228,61,116,87,8.9,40,34,7.9
EYS26_1_2,Q,76.85,0.09,12.53,1.46,0.02,0.03,0.56,3.32,5.14,214,7.5,218,64,125,90,7.9,41,30,8.6
EYS26_10,Q,77.17,0.09,12.43,1.37,0.02,0.03,0.54,3.27,5.10,215,5.8,210,62,110,84,7.5,42,33,7.5
EYS26_10_2,Q,77.01,0.08,12.30,1.45,0.02,0.03,0.57,3.49,5.06,215,6.4,209,62,108,83,9.4,40,30,8.0
EYS26_12,Q,76.86,0.09,12.36,1.56,0.02,0.03,0.60,3.32,5.16,220,7.9,216,58,178,90,7.8,38,33,7.6
EYS26_13,Q,76.96,0.09,12.35,1.41,0.02,0.03,0.58,3.43,5.13,217,6.2,208,60,114,81,7.4,40,30,7.8
EYS26_15,Q,76.81,0.09,12.34,1.47,0.02,0.03,0.61,3.41,5.23,220,6.7,210,61,116,84,8.4,41,31,7.7
EYS26_16,Q,76.58,0.08,12.71,1.37,0.02,0.03,0.60,3.51,5.10,212,6.5,212,60,104,77,7.6,41,30,8.2
EYS26_19,Q,77.29,0.09,12.06,1.41,0.02,0.03,0.57,3.53,5.01,214,5.9,219,61,117,85,8.7,41,32,8.1
EYS26_2,Q,76.85,0.09,12.53,1.35,0.02,0.02,0.53,3.46,5.14,218,6.6,212,59,110,85,7.9,39,31,7.3
EYS26_20,Q,77.18,0.09,12.21,1.44,0.02,0.03,0.56,3.31,5.15,216,6.9,210,60,127,82,8.4,39,31,7.1
EYS26_21,Q,77.51,0.09,11.99,1.44,0.02,0.03,0.56,3.31,5.06,220,6.0,211,60,125,86,7.9,42,31,7.2
EYS26_21_2,Q,76.83,0.08,12.63,1.36,0.02,0.02,0.54,3.47,5.05,211,6.0,210,59,116,83,7.9,39,28,7.3
EYS26_23,Q,77.13,0.09,12.21,1.42,0.02,0.02,0.57,3.27,5.27,212,7.6,220,63,109,84,9.3,40,29,8.3
EYS26_25,Q,76.91,0.09,12.46,1.46,0.02,0.03,0.56,3.42,5.05,218,7.0,202,59,117,85,8.1,38,30,7.3
EYS26_27,Q,77.14,0.09,12.45,1.40,0.02,0.03,0.56,3.17,5.14,215,7.0,208,60,118,86,7.6,43,31,7.3
EYS26_28,Q,77.27,0.09,12.30,1.38,0.02,0.03,0.56,3.29,5.06,215,5.9,203,62,119,86,9.9,41,30,7.9
EYS26_30,Q,77.24,0.08,12.25,1.37,0.02,0.03,0.51,3.58,4.92,219,7.4,217,62,114,87,8.5,49,29,7.9
EYS26_33,Q,76.60,0.08,12.39,1.37,0.02,0.03,0.57,3.56,5.37,212,4.9,218,60,102,87,8.2,40,30,7.3
EYS26_33_2,Q,77.14,0.09,12.21,1.41,0.02,0.03,0.55,3.17,5.39,219,5.5,210,66,100,86,7.4,43,33,7.1
EYS26_34,Q,77.18,0.09,12.33,1.43,0.02,0.03,0.56,3.36,5.01,212,7.1,213,62,123,84,7.8,40,28,7.6
EYS26_36,Q,76.78,0.09,12.41,1.41,0.02,0.03,0.56,3.51,5.19,215,5.9,220,62,111,83,8.0,40,29,7.6
EYS26_37,Q,77.55,0.08,12.10,1.45,0.02,0.03,0.55,3.19,5.03,217,6.1,228,64,112,87,8.4,41,31,7.9
EYS26_37_2,Q,77.89,0.09,12.06,1.39,0.02,0.03,0.53,2.98,5.01,220,7.1,225,62,105,92,8.0,44,30,7.9
EYS26_4,Q,76.91,0.09,12.51,1.44,0.02,0.03,0.57,3.42,5.00,214,6.4,206,59,114,85,7.5,44,31,7.8
EYS26_40,Q,76.98,0.09,12.18,1.34,0.02,0.03,0.56,3.37,5.43,217,7.5,215,61,123,88,9.0,43,30,8.6
EYS26_42,Q,77.20,0.09,12.38,1.51,0.02,0.03,0.57,3.15,5.05,219,5.9,226,61,113,86,7.4,41,29,7.6
EYS26_43,Q,76.91,0.08,12.33,1.49,0.02,0.03,0.55,3.44,5.15,217,6.3,219,60,115,88,8.1,44,31,7.7
EYS26_43_2,Q,76.79,0.09,12.59,1.48,0.02,0.03,0.57,3.37,5.06,221,6.2,217,61,111,84,8.7,39,30,8.3
EYS26_45,Q,76.99,0.09,12.39,1.44,0.02,0.03,0.53,3.41,5.09,219,6.8,220,63,111,85,7.9,41,32,7.2
EYS26_47,Q,77.24,0.09,12.32,1.37,0.02,0.03,0.58,3.23,5.13,220,6.4,204,60,104,83,8.4,45,29,7.2
EYS26_48,Q,77.05,0.10,12.28,1.61,0.02,0.03,0.57,3.35,4.99,212,10.6,269,55,385,106,6.5,42,28,5.7
EYS26_48_2,Q,76.93,0.10,12.48,1.50,0.02,0.03,0.57,3.31,5.06,208,9.8,265,57,386,110,7.6,36,29,6.2
EYS26_49,Q,76.95,0.09,12.36,1.39,0.02,0.03,0.51,3.45,5.20,216,6.0,207,59,107,83,8.5,43,30,7.3
EYS26_5,Q,77.07,0.09,12.20,1.43,0.02,0.03,0.58,3.57,5.01,215,6.3,216,61,137,86,7.6,43,32,8.0
EYS26_5_2,Q,77.27,0.08,11.99,1.34,0.02,0.03,0.54,3.38,5.34,226,7.0,218,61,134,88,9.4,43,30,8.1
EYS26_52,Q,77.21,0.09,12.34,1.45,0.02,0.03,0.57,3.48,4.81,219,6.2,207,58,103,81,8.4,41,27,6.9
EYS26_52_2,Q,76.68,0.09,12.49,1.43,0.02,0.03,0.56,3.65,5.05,217,6.2,205,60,105,78,7.9,42,28,7.3
EYS26_54,Q,77.15,0.09,12.18,1.36,0.02,0.03,0.59,3.40,5.20,212,5.5,203,61,104,81,7.1,41,29,8.2
EYS26_56,Q,76.85,0.09,12.31,1.53,0.02,0.03,0.57,3.47,5.13,222,7.8,217,61,171,88,6.6,36,28,6.5
EYS26_6,Q,77.04,0.09,12.35,1.36,0.02,0.03,0.58,3.31,5.22,222,7.1,220,62,110,90,8.7,43,31,8.0
EYS26_6_2,Q,77.08,0.08,12.34,1.40,0.02,0.03,0.54,3.25,5.25,222,5.6,220,59,122,89,6.9,41,28,7.9
EYS26_60,Q,76.85,0.09,12.39,1.41,0.02,0.03,0.56,3.56,5.09,215,6.9,213,58,118,80,7.0,37,28,7.2
EYS26_61,Q,77.11,0.08,12.29,1.46,0.02,0.03,0.56,3.38,5.07,220,6.4,209,61,104,85,8.6,41,28,7.3
EYS26_63,Q,77.11,0.09,12.25,1.41,0.02,0.03,0.56,3.34,5.20,224,6.3,207,60,100,80,7.1,41,30,7.8
EYS26_63_2,Q,76.98,0.08,12.41,1.39,0.02,0.02,0.57,3.60,4.91,227,5.9,218,60,104,85,8.0,43,29,7.2
EYS26_8,Q,77.05,0.09,12.05,1.46,0.02,0.03,0.57,3.54,5.19,216,6.4,209,63,110,81,9.2,42,31,8.2
EYS26_9,Q,77.33,0.09,12.33,1.41,0.02,0.03,0.53,3.44,4.83,221,6.5,215,62,114,80,8.6,43,30,8.0
EYS27_11,R,77.23,0.08,12.38,1.36,0.02,0.03,0.54,3.35,5.00,224,6.7,213,61,134,82,8.5,43,30,7.4
EYS27_13,R,76.90,0.09,12.35,1.46,0.02,0.03,0.55,3.32,5.28,219,6.6,218,63,119,82,7.6,43,32,7.3
EYS27_14,R,77.05,0.09,12.16,1.38,0.02,0.03,0.56,3.65,5.06,225,7.0,211,61,131,86,8.6,43,31,7.8
EYS27_14_2,R,77.14,0.09,12.32,1.44,0.02,0.03,0.55,3.21,5.20,225,6.9,203,61,135,83,7.3,41,31,7.6
EYS27_16,R,77.07,0.09,12.28,1.39,0.02,0.02,0.55,3.49,5.08,230,6.9,217,63,140,85,8.5,41,33,7.4
EYS27_17,R,76.46,0.08,12.48,1.44,0.02,0.03,0.55,3.80,5.14,222,7.0,211,62,128,83,8.0,43,31,7.4
EYS27_17_2,R,77.27,0.08,12.40,1.39,0.02,0.03,0.59,3.02,5.20,224,7.2,209,61,137,87,8.3,47,30,7.2
EYS27_18,R,77.00,0.08,12.31,1.29,0.02,0.02,0.56,3.56,5.15,224,6.7,212,64,123,88,8.3,43,31,7.5
EYS27_18_2,R,77.01,0.09,12.48,1.30,0.02,0.03,0.51,3.36,5.21,225,6.4,207,61,113,84,9.2,42,30,7.8
EYS27_19,R,76.67,0.09,12.37,1.38,0.02,0.03,0.53,3.64,5.27,219,6.4,208,63,121,83,7.4,41,29,7.4
EYS27_20,R,77.26,0.09,12.06,1.44,0.02,0.03,0.59,3.25,5.27,220,5.8,199,58,117,81,7.5,40,32,7.3
EYS27_20_2,R,76.86,0.08,12.36,1.48,0.02,0.03,0.56,3.43,5.19,226,9.0,214,62,134,87,6.8,40,32,7.3
EYS27_22,R,76.43,0.09,12.66,1.36,0.02,0.03,0.54,3.66,5.21,232,7.8,210,61,133,82,7.8,41,32,7.8
EYS27_23,R,76.88,0.08,12.57,1.44,0.02,0.03,0.56,3.21,5.21,219,6.4,200,62,114,82,7.4,42,32,6.9
EYS27_25,R,76.95,0.08,12.26,1.35,0.02,0.03,0.56,3.36,5.38,213,7.0,214,61,112,85,8.3,40,33,7.2
EYS27_25_2,R,76.57,0.08,12.59,1.39,0.02,0.03,0.60,3.51,5.20,222,7.4,202,59,115,81,11.3,59,41,9.0
EYS27_27,R,77.12,0.08,12.29,1.34,0.02,0.03,0.54,3.41,5.17,223,7.0,209,63,130,82,8.0,41,31,7.9
EYS27_27_2,R,76.59,0.09,12.43,1.42,0.02,0.03,0.56,3.60,5.26,221,6.7,204,60,119,79,8.1,43,32,8.0
EYS27_3,R,76.87,0.09,12.10,1.41,0.02,0.03,0.58,3.65,5.26,217,6.0,224,60,139,86,8.6,41,30,7.8
EYS27_3_2,R,77.19,0.09,12.64,1.36,0.02,0.03,0.53,3.27,4.88,221,6.4,206,60,116,83,7.3,41,29,7.4
EYS27_30,R,76.85,0.09,12.48,1.43,0.02,0.03,0.56,3.42,5.13,216,6.8,198,63,118,84,8.0,40,32,7.4
EYS27_30_2,R,77.33,0.09,12.15,1.37,0.02,0.03,0.57,3.29,5.16,221,6.6,201,61,114,78,7.9,40,30,8.3
EYS27_31,R,76.81,0.09,12.39,1.46,0.02,0.03,0.55,3.68,4.98,220,6.8,205,59,133,79,8.9,43,33,7.9
EYS27_32,R,76.80,0.09,12.37,1.32,0.02,0.03,0.57,3.61,5.20,225,6.9,212,64,137,89,7.3,40,30,8.5
EYS27_34,R,77.16,0.09,12.26,1.35,0.02,0.03,0.53,3.39,5.17,221,6.6,199,58,121,79,6.3,40,31,7.0
EYS27_34_2,R,76.69,0.09,12.60,1.37,0.02,0.03,0.55,3.54,5.11,222,7.5,216,60,128,86,8.2,41,31,8.0
EYS27_36,R,76.68,0.09,12.43,1.46,0.02,0.03,0.54,3.51,5.23,216,6.8,203,60,125,82,8.1,39,32,8.3
EYS27_39,R,76.73,0.09,12.37,1.45,0.02,0.03,0.57,3.45,5.30,218,7.1,207,61,116,83,7.4,41,32,6.5
EYS27_4,R,76.61,0.09,12.51,1.44,0.02,0.03,0.57,3.41,5.33,222,6.1,207,59,123,82,7.9,42,32,7.7
EYS27_41,R,76.89,0.09,12.50,1.43,0.02,0.02,0.57,3.47,5.01,224,7.2,199,58,128,84,8.4,40,31,7.5
EYS27_41_2,R,76.98,0.09,12.29,1.45,0.02,0.03,0.56,3.53,5.05,219,6.5,199,60,125,76,8.4,38,28,7.2
EYS27_43,R,76.78,0.09,12.17,1.44,0.02,0.03,0.57,3.55,5.37,223,7.1,215,60,151,86,9.3,38,33,7.2
EYS27_43_2,R,76.92,0.09,12.37,1.43,0.02,0.03,0.59,3.25,5.29,220,6.4,205,57,141,80,8.5,40,30,8.2
EYS27_47,R,76.77,0.08,12.54,1.35,0.02,0.03,0.56,3.35,5.30,221,5.9,221,63,133,87,8.5,42,31,7.5
EYS27_48,R,76.74,0.09,12.57,1.47,0.02,0.03,0.54,3.42,5.12,223,6.9,217,60,130,87,7.8,42,29,7.3
EYS27_48_2,R,77.17,0.09,12.29,1.46,0.02,0.03,0.55,3.43,4.97,221,6.5,210,61,126,82,9.6,40,31,7.0
EYS27_5,R,76.97,0.09,12.40,1.49,0.02,0.03,0.52,3.36,5.13,217,9.1,208,60,120,79,7.3,40,30,7.6
EYS27_5_2,R,77.45,0.09,12.14,1.39,0.02,0.03,0.53,3.26,5.10,219,6.9,214,58,123,86,8.4,44,30,8.2
EYS27_52,R,77.03,0.08,12.54,1.39,0.02,0.03,0.55,3.19,5.16,230,6.4,218,61,131,89,7.6,40,30,7.1
EYS27_55,R,77.21,0.09,12.38,1.32,0.02,0.03,0.56,3.34,5.05,234,6.4,218,62,135,86,8.8,43,30,7.9
EYS27_55_2,R,77.23,0.09,12.24,1.40,0.02,0.03,0.57,3.17,5.26,237,6.7,207,59,144,87,7.7,43,31,7.9
EYS27_57,R,76.72,0.08,12.31,1.42,0.02,0.03,0.57,3.48,5.36,219,6.1,223,61,127,86,8.6,42,31,8.1
EYS27_58,R,76.60,0.09,12.58,1.51,0.02,0.03,0.59,3.45,5.13,222,7.2,217,60,125,81,6.3,43,30,7.7
EYS27_59,R,77.07,0.08,12.29,1.35,0.02,0.03,0.60,3.38,5.18,224,7.1,216,61,137,90,7.2,39,33,7.7
EYS27_59_2,R,76.97,0.08,12.25,1.45,0.02,0.03,0.57,3.40,5.23,225,7.2,212,62,136,86,8.0,42,29,7.7
EYS27_63,R,77.10,0.09,12.24,1.35,0.02,0.03,0.56,3.24,5.39,221,6.7,216,60,122,82,6.6,39,30,6.9
EYS27_63_2,R,76.69,0.09,12.41,1.40,0.02,0.03,0.56,3.54,5.26,225,7.4,211,58,138,86,7.9,37,29,7.1
EYS27_68,R,77.05,0.08,12.32,1.40,0.02,0.03,0.53,3.31,5.25,219,6.5,203,62,121,82,6.8,41,27,7.4
EYS27_69,R,77.19,0.09,12.26,1.41,0.02,0.03,0.53,3.25,5.22,217,6.5,191,60,131,80,7.4,44,29,7.2
EYS27_69_2,R,77.28,0.09,12.27,1.46,0.02,0.03,0.57,3.20,5.09,221,7.3,203,61,126,81,9.6,45,30,9.1
EYS27_7,R,77.08,0.08,12.45,1.47,0.02,0.03,0.52,3.45,4.90,222,7.6,212,62,130,88,7.7,43,32,7.5
EYS27_70,R,76.69,0.09,12.45,1.47,0.02,0.03,0.55,3.56,5.15,218,6.6,197,59,131,76,7.3,41,28,7.0
EYS27_74,R,76.80,0.08,12.69,1.41,0.02,0.03,0.55,3.36,5.07,217,6.4,196,58,116,78,6.5,41,27,8.0
EYS27_75,R,76.69,0.09,12.38,1.36,0.02,0.03,0.54,3.49,5.39,225,6.7,199,61,108,80,7.3,44,27,7.4
EYS27_75_2,R,76.92,0.08,12.42,1.40,0.02,0.03,0.55,3.40,5.17,214,5.7,195,58,106,79,7.9,42,29,7.5
EYS27_8,R,76.83,0.09,12.40,1.45,0.02,0.03,0.57,3.50,5.12,220,6.7,199,60,126,80,8.1,40,30,6.5
EYS27_81,R,76.56,0.08,12.66,1.46,0.02,0.03,0.59,3.38,5.21,221,6.1,212,61,121,83,7.0,40,29,7.5
EYS27_82,R,77.02,0.09,12.35,1.48,0.02,0.03,0.54,3.20,5.28,225,6.6,206,59,118,83,7.5,40,31,8.0
EYS27_84,R,77.42,0.09,12.06,1.36,0.02,0.03,0.57,3.29,5.16,226,7.1,210,59,123,78,7.4,40,30,7.1
EYS27_84_2,R,77.06,0.09,12.38,1.42,0.02,0.03,0.55,3.43,5.01,235,7.1,207,61,125,83,7.7,43,32,7.1